log_id,scooter_id,maintenance_date,issue_type,cost_usd,technician_id
LOG00001,SC0110,2024-06-14T05:25:32,display_fault,-400.18,TECH16
LOG00002,SC0053,2024-09-20T17:26:14,battery_replacement,736.25,TECH20
LOG00003,SC0148,2024-07-05T19:47:58,throttle_repair,392.12,TECH04
LOG00004,SC0081,2024-04-29T16:10:32,motor_issue,745.9,TECH13
LOG00005,SC0129,2024-12-13T20:51:47,battery_replacement,156.51,TECH02
LOG00006,SC0161,2025-09-27T00:00:00,frame_damage,522.49,TECH18
LOG00007,SC0115,2024-02-06T08:40:06,tire_puncture,665.49,TECH10
LOG00008,SC0184,2024-11-29T18:29:37,throttle_repair,478.47,TECH09
LOG00009,SC0074,2025-04-10T18:46:21,display_fault,217.43,TECH03
LOG00010,SC0017,2025-04-04T15:33:24,motor_issue,768.47,TECH16
LOG00011,SC0025,2024-04-13T07:54:17,motor_issue,89.77,TECH11
LOG00012,SC0009,2025-05-01T18:46:35,frame_damage,378.4,TECH17
LOG00013,SC0090,2025-05-14T17:59:38,motor_issue,773.0,TECH01
LOG00014,SC0107,2024-01-26T19:15:27,display_fault,780.69,TECH01
LOG00015,SC0104,2024-08-11T17:39:06,battery_replacement,356.17,TECH18
LOG00016,SC0023,2025-05-13T09:08:28,frame_damage,794.48,TECH04
LOG00017,SC0071,2024-05-26T08:32:44,tire_puncture,207.53,TECH16
LOG00018,SC0192,2024-12-18T08:15:38,tire_puncture,61.07,TECH20
LOG00019,SC0095,2024-11-05T22:14:38,brake_repair,222.13,TECH14
LOG00020,SC0146,2025-01-13T11:36:48,motor_issue,61.58,TECH07
LOG00021,SC0131,2024-09-20T19:11:17,throttle_repair,708.03,TECH16
LOG00022,SC0180,2025-05-06T07:01:29,throttle_repair,516.91,TECH06
LOG00023,SC0013,2025-06-05T18:33:00,throttle_repair,390.81,TECH18
LOG00024,SC0107,2025-05-05T19:23:29,brake_repair,-354.31,TECH17
LOG00025,SC0105,2025-05-19T17:53:26,throttle_repair,298.83,TECH17
LOG00026,SC0064,2024-08-12T18:48:49,display_fault,128.66,TECH15
LOG00027,SC0119,2025-03-15T09:53:16,software_update,657.87,TECH15
LOG00028,SC0035,2024-03-25T09:57:43,display_fault,203.18,TECH16
LOG00029,SC0163,2025-04-18T21:09:37,general_service,620.23,TECH20
LOG00030,SC0140,2024-11-14T17:38:09,frame_damage,257.11,TECH01
LOG00031,SC0032,2024-04-19T12:58:01,frame_damage,64.3,TECH06
LOG00032,SC0088,2024-11-11T01:58:46,tire_puncture,588.91,TECH05
LOG00033,SC0110,2024-10-23T14:43:17,general_service,519.23,TECH03
LOG00034,SC0091,2025-01-30T15:39:10,throttle_repair,390.68,TECH13
LOG00035,SC0082,2025-04-21T18:44:43,general_service,323.1,TECH08
LOG00036,SC0034,2025-04-21T01:26:42,throttle_repair,656.49,TECH17
LOG00037,SC0167,2024-09-19T14:27:24,software_update,475.35,TECH09
LOG00038,SC0181,2024-06-21T07:35:58,tire_puncture,727.21,TECH15
LOG00039,SC0046,2024-03-11T20:20:52,display_fault,395.29,TECH06
LOG00040,SC0091,2024-02-03T18:58:00,battery_replacement,686.77,TECH16
LOG00041,SC0107,2024-08-21T08:48:51,software_update,362.32,TECH03
LOG00042,SC0059,2024-05-15T08:35:28,frame_damage,56.83,TECH08
LOG00043,SC0103,2024-01-19T10:09:08,frame_damage,758.94,TECH11
LOG00044,SC0061,2025-05-12T06:41:05,brake_repair,314.09,TECH13
LOG00045,SC0107,2024-05-10T17:50:43,display_fault,595.74,TECH02
LOG00046,SC0193,2025-06-23T09:48:02,throttle_repair,644.4,TECH04
LOG00047,SC0125,2025-04-10T09:29:18,tire_puncture,475.68,TECH12
LOG00048,SC0167,2025-03-17T14:31:43,brake_repair,544.22,TECH04
LOG00049,SC0101,2025-01-22T17:04:23,display_fault,99.62,TECH16
LOG00050,SC0068,2024-07-03T09:57:33,motor_issue,321.81,TECH01
LOG00051,SC0287,2025-02-15T21:57:25,throttle_repair,662.16,TECH17
LOG00052,SC0095,2024-03-19T15:05:29,display_fault,797.18,TECH20
LOG00053,SC0135,2024-06-11T12:57:06,throttle_repair,312.7,TECH12
LOG00054,SC0029,2024-11-05T06:37:48,brake_repair,417.13,TECH03
LOG00055,SC0252,2024-11-09T13:57:24,software_update,738.49,TECH18
LOG00056,SC0143,2024-04-09T13:39:54,motor_issue,663.93,TECH13
LOG00057,SC0111,2025-05-26T12:26:45,software_update,594.18,TECH04
LOG00058,SC0121,2024-05-25T12:53:51,throttle_repair,435.11,TECH18
LOG00059,SC0078,2025-01-19T17:03:10,motor_issue,176.54,TECH10
LOG00060,SC0121,2024-11-05T14:07:34,frame_damage,432.42,TECH08
LOG00061,SC0042,2024-04-09T18:52:20,frame_damage,786.04,TECH08
LOG00062,SC0054,2025-05-07T15:59:17,motor_issue,237.55,TECH08
LOG00063,SC0117,2025-01-29T08:54:31,motor_issue,346.46,TECH11
LOG00064,SC0161,2025-05-20T19:29:00,motor_issue,-137.85,TECH17
LOG00065,SC0141,2025-10-30T00:00:00,brake_repair,197.16,TECH18
LOG00066,SC0289,2024-05-27T19:43:53,throttle_repair,612.27,TECH19
LOG00067,SC0142,2024-12-07T09:38:35,tire_puncture,306.83,TECH15
LOG00068,SC0163,2024-07-31T12:44:35,frame_damage,662.4,TECH18
LOG00069,SC0103,2024-10-14T18:01:24,general_service,594.19,TECH06
LOG00070,SC0118,2025-04-17T13:21:26,frame_damage,290.82,TECH01
LOG00071,SC0189,2025-01-17T08:37:45,brake_repair,504.84,TECH15
LOG00072,SC0095,2025-08-28T00:00:00,software_update,790.95,TECH03
LOG00073,SC0118,2024-04-09T09:24:11,throttle_repair,184.83,TECH14
LOG00074,SC0196,2025-05-29T18:41:52,tire_puncture,215.83,TECH08
LOG00075,SC0015,2024-03-19T07:51:44,brake_repair,238.96,TECH16
LOG00076,SC0095,2024-05-27T18:36:04,general_service,775.86,TECH09
LOG00077,SC0002,2025-01-03T13:52:12,general_service,608.79,TECH04
LOG00078,SC0187,2024-09-19T20:25:13,software_update,383.73,TECH08
LOG00079,SC0006,2024-12-29T23:55:00,frame_damage,511.69,TECH12
LOG00080,SC0098,2024-10-23T08:14:54,general_service,173.9,TECH15
LOG00081,SC0109,2024-08-27T16:03:25,tire_puncture,439.27,TECH12
LOG00082,SC0020,2025-04-11T22:07:23,frame_damage,482.61,TECH10
LOG00083,SC0050,2024-03-02T04:38:59,battery_replacement,89.02,TECH17
LOG00084,SC0182,2024-03-11T08:09:06,motor_issue,788.1,TECH18
LOG00085,SC0172,2025-08-13T00:00:00,brake_repair,141.04,TECH17
LOG00086,SC0042,2024-08-21T07:51:23,software_update,470.0,TECH17
LOG00087,SC0197,2024-06-11T12:38:32,battery_replacement,680.6,TECH15
LOG00088,SC0057,2025-06-30T18:38:14,battery_replacement,525.4,TECH04
LOG00089,SC0051,2025-01-01T17:21:13,throttle_repair,653.67,TECH06
LOG00090,SC0183,2025-01-17T17:32:00,tire_puncture,-261.95,TECH18
LOG00091,SC0149,2024-11-21T16:23:20,brake_repair,492.45,TECH05
LOG00092,SC0044,2024-02-17T07:01:31,throttle_repair,-426.51,TECH13
LOG00093,SC0185,2024-05-01T17:17:32,tire_puncture,-551.21,TECH17
LOG00094,SC0189,2024-05-09T22:05:02,general_service,425.14,TECH09
LOG00095,SC0086,2025-01-27T19:06:01,frame_damage,695.86,TECH12
LOG00096,SC0068,2024-07-05T09:59:55,throttle_repair,327.15,TECH09
LOG00097,SC0156,2024-07-07T07:07:35,display_fault,691.48,TECH18
LOG00098,SC0052,2025-05-30T06:05:29,frame_damage,401.82,TECH15
LOG00099,SC0102,2025-05-26T17:06:35,software_update,602.78,TECH08
LOG00100,SC0093,2025-06-03T19:38:14,frame_damage,701.97,TECH13
LOG00101,SC0010,2025-05-05T00:24:52,motor_issue,332.54,TECH09
LOG00102,SC0033,2024-12-05T17:12:01,software_update,502.6,TECH15
LOG00103,SC0141,2024-01-04T08:05:40,frame_damage,370.01,TECH04
LOG00104,SC0296,2025-01-01T07:36:11,general_service,658.99,TECH03
LOG00105,SC0035,2024-02-25T18:18:45,brake_repair,92.17,TECH15
LOG00106,SC0132,2024-08-10T07:33:07,display_fault,214.49,TECH17
LOG00107,SC0127,2024-01-03T12:14:30,display_fault,280.18,TECH07
LOG00108,SC0106,2025-09-05T00:00:00,throttle_repair,91.05,TECH01
LOG00109,SC0064,2024-10-12T15:37:20,software_update,761.1,TECH18
LOG00110,SC0073,2024-03-10T20:35:25,software_update,548.38,TECH08
LOG00111,SC0119,2024-10-29T07:10:11,throttle_repair,468.1,TECH03
LOG00112,SC0106,2024-07-16T11:25:01,tire_puncture,192.29,TECH03
LOG00113,SC0036,2025-06-27T16:05:34,software_update,480.49,TECH12
LOG00114,SC0152,2025-10-06T00:00:00,tire_puncture,54.99,TECH01
LOG00115,SC0023,2024-06-12T15:21:24,tire_puncture,248.42,TECH08
LOG00116,SC0091,2024-07-03T18:10:11,brake_repair,427.36,TECH09
LOG00117,SC0142,2024-01-25T07:19:41,battery_replacement,732.54,TECH13
LOG00118,SC0049,2024-08-01T14:18:01,motor_issue,760.83,TECH01
LOG00119,SC0003,2024-10-24T16:51:38,tire_puncture,611.23,TECH11
LOG00120,SC0160,2024-11-28T16:23:22,general_service,509.82,TECH03
LOG00121,SC0130,2024-11-12T17:35:48,battery_replacement,329.44,TECH01
LOG00122,SC0122,2024-10-08T10:36:04,general_service,356.96,TECH10
LOG00123,SC0027,2024-10-31T18:43:30,tire_puncture,283.07,TECH12
LOG00124,SC0034,2024-03-18T08:01:48,motor_issue,57.84,TECH15
LOG00125,SC0180,2024-10-24T09:33:09,frame_damage,387.57,TECH06
LOG00126,SC0163,2024-03-07T17:07:58,motor_issue,501.78,TECH14
LOG00127,SC0130,2024-04-12T08:36:26,frame_damage,409.8,TECH03
LOG00128,SC0012,2024-03-09T07:35:16,motor_issue,742.67,TECH01
LOG00129,SC0071,2024-08-06T18:24:35,tire_puncture,-653.72,TECH09
LOG00130,SC0024,2024-11-22T14:53:02,general_service,783.42,TECH06
LOG00131,SC0086,2025-02-20T06:55:10,software_update,318.07,TECH08
LOG00132,SC0082,2024-04-02T18:38:31,software_update,171.73,TECH03
LOG00133,SC0053,2025-06-22T14:26:37,display_fault,672.77,TECH20
LOG00134,SC0003,2025-03-26T12:09:16,tire_puncture,655.33,TECH05
LOG00135,SC0051,2024-05-22T06:42:24,brake_repair,115.5,TECH04
LOG00136,SC0145,2024-11-18T13:42:12,throttle_repair,60.27,TECH02
LOG00137,SC0270,2024-04-19T09:33:06,software_update,650.11,TECH17
LOG00138,SC0033,2024-05-05T12:50:09,brake_repair,588.42,TECH09
LOG00139,SC0067,2025-06-12T12:50:06,battery_replacement,171.2,TECH15
LOG00140,SC0085,2025-03-03T07:50:09,brake_repair,295.59,TECH04
LOG00141,SC0119,2024-08-07T17:44:28,throttle_repair,-758.52,TECH12
LOG00142,SC0187,2024-10-30T13:32:26,battery_replacement,196.28,TECH06
LOG00143,SC0052,2025-02-12T17:44:09,general_service,747.68,TECH07
LOG00144,SC0142,2024-10-20T17:50:52,display_fault,423.15,TECH02
LOG00145,SC0065,2024-08-12T09:52:22,display_fault,577.92,TECH20
LOG00146,SC0057,2025-03-21T10:49:14,battery_replacement,469.13,TECH11
LOG00147,SC0015,2025-12-19T00:00:00,frame_damage,82.71,TECH10
LOG00148,SC0106,2024-10-09T17:33:48,throttle_repair,629.54,TECH04
LOG00149,SC0028,2024-01-16T19:36:46,throttle_repair,-143.74,TECH19
LOG00150,SC0013,2025-04-26T08:01:06,general_service,354.34,TECH11
LOG00151,SC0123,2024-08-06T18:22:44,display_fault,674.42,TECH17
LOG00152,SC0145,2024-08-11T15:01:16,throttle_repair,791.03,TECH04
LOG00153,SC0084,2024-05-14T22:20:32,battery_replacement,475.42,TECH20
LOG00154,SC0161,2024-12-19T17:08:52,brake_repair,68.73,TECH11
LOG00155,SC0119,2024-01-31T18:56:56,display_fault,-485.41,TECH13
LOG00156,SC0087,2025-05-03T16:31:22,motor_issue,269.68,TECH01
LOG00157,SC0119,2024-06-28T20:13:37,general_service,387.41,TECH10
LOG00158,SC0176,2024-10-21T06:43:18,general_service,690.07,TECH16
LOG00159,SC0119,2024-11-14T10:39:07,tire_puncture,181.27,TECH03
LOG00160,SC0258,2025-05-26T18:16:46,tire_puncture,588.72,TECH02
LOG00161,SC0292,2025-03-12T19:56:16,frame_damage,784.25,TECH16
LOG00162,SC0146,2024-11-25T14:08:46,display_fault,448.11,TECH14
LOG00163,SC0186,2025-02-21T18:17:53,battery_replacement,421.96,TECH17
LOG00164,SC0069,2024-07-10T10:30:02,brake_repair,88.3,TECH03
LOG00165,SC0191,2025-04-30T08:04:45,brake_repair,403.77,TECH08
LOG00166,SC0044,2025-03-20T15:37:59,software_update,273.97,TECH01
LOG00167,SC0014,2024-08-09T12:17:00,motor_issue,416.77,TECH13
LOG00168,SC0119,2024-08-30T06:53:23,frame_damage,82.98,TECH09
LOG00169,SC0020,2024-08-12T16:44:36,general_service,647.26,TECH14
LOG00170,SC0154,2024-01-30T18:19:10,brake_repair,196.22,TECH18
LOG00171,SC0029,2025-03-10T21:39:27,general_service,535.16,TECH13
LOG00172,SC0298,2024-08-10T08:36:49,software_update,388.94,TECH19
LOG00173,SC0296,2025-05-13T14:59:18,frame_damage,644.92,TECH02
LOG00174,SC0064,2024-09-12T08:46:13,general_service,82.8,TECH05
LOG00175,SC0183,2024-07-05T05:15:43,general_service,730.1,TECH13
LOG00176,SC0156,2024-10-17T08:48:12,battery_replacement,611.54,TECH05
LOG00177,SC0130,2024-03-30T17:26:11,brake_repair,593.58,TECH05
LOG00178,SC0179,2024-08-31T09:43:28,throttle_repair,426.1,TECH13
LOG00179,SC0041,2024-10-29T07:55:25,motor_issue,712.62,TECH11
LOG00180,SC0067,2024-04-13T18:13:34,display_fault,496.56,TECH14
LOG00181,SC0023,2025-06-07T07:55:13,motor_issue,760.28,TECH04
LOG00182,SC0010,2024-01-03T16:12:49,brake_repair,753.6,TECH06
LOG00183,SC0078,2025-04-22T10:18:52,software_update,337.59,TECH09
LOG00184,SC0031,2024-04-15T07:44:13,tire_puncture,319.18,TECH12
LOG00185,SC0093,2024-12-16T06:07:18,frame_damage,522.81,TECH09
LOG00186,SC0138,2025-05-13T09:32:17,battery_replacement,390.63,TECH13
LOG00187,SC0034,2024-03-14T16:47:52,general_service,698.75,TECH10
LOG00188,SC0174,2025-06-11T07:04:47,tire_puncture,67.08,TECH18
LOG00189,SC0061,2024-11-21T08:44:24,display_fault,249.77,TECH20
LOG00190,SC0081,2024-05-17T07:49:47,display_fault,451.49,TECH11
LOG00191,SC0174,2025-02-08T06:16:04,software_update,168.75,TECH10
LOG00192,SC0073,2025-08-12T00:00:00,battery_replacement,173.3,TECH17
LOG00193,SC0031,2024-04-27T05:00:37,frame_damage,733.37,TECH12
LOG00194,SC0182,2024-09-25T18:12:19,software_update,257.05,TECH04
LOG00195,SC0123,2025-02-10T13:45:02,general_service,519.94,TECH11
LOG00196,SC0106,2024-06-08T13:26:37,software_update,205.12,TECH15
LOG00197,SC0076,2025-05-01T17:47:58,general_service,287.19,TECH09
LOG00198,SC0137,2024-04-14T05:40:53,battery_replacement,168.34,TECH19
LOG00199,SC0036,2024-02-08T17:28:32,general_service,722.4,TECH12
LOG00200,SC0279,2024-11-02T13:03:19,throttle_repair,417.9,TECH19
LOG00201,SC0286,2024-07-02T12:02:49,frame_damage,743.47,TECH16
LOG00202,SC0177,2025-06-03T17:31:48,brake_repair,599.95,TECH15
LOG00203,SC0067,2025-01-08T08:16:23,display_fault,425.13,TECH08
LOG00204,SC0120,2024-06-03T08:26:16,general_service,395.7,TECH15
LOG00205,SC0038,2024-09-23T07:46:53,motor_issue,257.53,TECH18
LOG00206,SC0119,2025-03-14T21:07:10,throttle_repair,219.14,TECH10
LOG00207,SC0160,2024-06-04T17:55:19,general_service,362.62,TECH08
LOG00208,SC0150,2024-04-23T07:26:38,general_service,120.8,TECH03
LOG00209,SC0106,2024-04-01T12:02:31,general_service,756.74,TECH12
LOG00210,SC0067,2025-04-19T19:18:34,general_service,368.7,TECH07
LOG00211,SC0102,2025-02-12T12:24:11,brake_repair,166.97,TECH04
LOG00212,SC0102,2025-03-02T14:36:59,brake_repair,455.21,TECH03
LOG00213,SC0071,2024-05-13T14:11:09,general_service,362.74,TECH16
LOG00214,SC0252,2024-02-08T21:24:49,frame_damage,537.54,TECH02
LOG00215,SC0006,2024-07-19T10:03:39,brake_repair,50.74,TECH12
LOG00216,SC0189,2024-12-09T18:58:59,throttle_repair,741.54,TECH11
LOG00217,SC0161,2025-04-27T12:17:50,general_service,297.21,TECH05
LOG00218,SC0055,2025-05-14T07:43:00,throttle_repair,138.49,TECH11
LOG00219,SC0149,2024-08-07T07:41:46,tire_puncture,254.67,TECH20
LOG00220,SC0154,2025-03-06T18:18:58,motor_issue,137.52,TECH08
LOG00221,SC0115,2024-12-08T10:03:51,software_update,539.19,TECH04
LOG00222,SC0157,2025-05-05T19:32:17,display_fault,505.17,TECH03
LOG00223,SC0112,2025-05-30T22:39:12,motor_issue,797.98,TECH01
LOG00224,SC0066,2025-01-19T11:40:24,tire_puncture,211.62,TECH15
LOG00225,SC0041,2025-05-27T19:10:34,brake_repair,635.78,TECH17
LOG00226,SC0193,2024-06-28T00:01:50,frame_damage,523.25,TECH02
LOG00227,SC0156,2024-04-27T06:04:56,battery_replacement,762.94,TECH04
LOG00228,SC0046,2025-04-15T12:05:09,software_update,113.58,TECH14
LOG00229,SC0088,2024-11-12T12:15:36,brake_repair,64.69,TECH07
LOG00230,SC0031,2024-10-14T13:46:25,frame_damage,596.86,TECH16
LOG00231,SC0108,2025-12-25T00:00:00,frame_damage,298.59,TECH03
LOG00232,SC0087,2024-05-12T14:44:51,brake_repair,140.96,TECH06
LOG00233,SC0040,2025-01-07T12:52:05,throttle_repair,515.46,TECH18
LOG00234,SC0171,2024-02-26T13:25:17,tire_puncture,564.13,TECH07
LOG00235,SC0090,2025-02-18T13:56:31,tire_puncture,103.61,TECH15
LOG00236,SC0125,2025-05-04T13:08:26,motor_issue,498.48,TECH09
LOG00237,SC0169,2024-01-29T08:05:01,throttle_repair,126.9,TECH04
LOG00238,SC0061,2024-05-02T18:10:51,frame_damage,186.78,TECH09
LOG00239,SC0154,2025-03-07T19:27:01,display_fault,-692.58,TECH03
LOG00240,SC0002,2024-06-30T17:41:37,general_service,303.74,TECH15
LOG00241,SC0129,2024-09-09T19:51:52,tire_puncture,569.46,TECH02
LOG00242,SC0181,2024-09-09T09:07:58,battery_replacement,74.63,TECH08
LOG00243,SC0084,2024-12-02T19:40:15,throttle_repair,622.6,TECH16
LOG00244,SC0182,2024-09-06T06:29:21,throttle_repair,64.14,TECH14
LOG00245,SC0098,2025-04-16T09:13:08,tire_puncture,553.64,TECH08
LOG00246,SC0133,2025-01-01T03:00:55,frame_damage,57.72,TECH15
LOG00247,SC0070,2025-05-22T15:14:10,software_update,679.45,TECH04
LOG00248,SC0071,2025-03-03T11:08:58,throttle_repair,174.83,TECH07
LOG00249,SC0132,2024-03-07T10:02:30,frame_damage,619.68,TECH07
LOG00250,SC0007,2025-01-24T14:52:29,frame_damage,227.26,TECH17
LOG00251,SC0105,2025-02-16T07:11:04,tire_puncture,440.78,TECH10
LOG00252,SC0292,2024-10-18T19:29:48,motor_issue,125.26,TECH05
LOG00253,SC0147,2025-09-08T00:00:00,tire_puncture,343.67,TECH17
LOG00254,SC0121,2024-01-24T07:36:38,software_update,709.53,TECH16
LOG00255,SC0178,2025-01-17T23:08:15,motor_issue,112.58,TECH06
LOG00256,SC0169,2024-12-31T18:55:34,software_update,546.77,TECH20
LOG00257,SC0087,2025-09-20T00:00:00,throttle_repair,-462.44,TECH20
LOG00258,SC0124,2024-08-29T21:33:53,display_fault,729.44,TECH10
LOG00259,SC0112,2024-05-15T19:44:04,display_fault,220.1,TECH02
LOG00260,SC0059,2025-04-18T09:51:18,software_update,734.24,TECH12
LOG00261,SC0177,2024-06-21T17:54:16,software_update,603.42,TECH19
LOG00262,SC0082,2025-05-29T20:04:36,throttle_repair,601.17,TECH20
LOG00263,SC0037,2024-10-09T18:45:30,brake_repair,653.84,TECH06
LOG00264,SC0152,2024-05-30T16:13:43,frame_damage,108.7,TECH16
LOG00265,SC0023,2024-04-11T19:05:52,tire_puncture,587.03,TECH14
LOG00266,SC0102,2024-02-05T18:39:07,display_fault,81.45,TECH09
LOG00267,SC0158,2024-03-24T13:40:29,display_fault,455.32,TECH14
LOG00268,SC0148,2024-06-07T01:22:10,throttle_repair,108.62,TECH18
LOG00269,SC0185,2024-01-12T19:51:28,tire_puncture,599.07,TECH03
LOG00270,SC0096,2024-04-16T17:26:13,throttle_repair,438.36,TECH07
LOG00271,SC0139,2024-05-16T08:34:07,display_fault,505.97,TECH05
LOG00272,SC0038,2024-03-19T08:21:25,software_update,210.54,TECH12
LOG00273,SC0093,2025-05-12T11:13:32,brake_repair,608.71,TECH15
LOG00274,SC0147,2025-06-11T08:59:11,general_service,277.49,TECH05
LOG00275,SC0193,2024-07-30T14:11:42,general_service,595.53,TECH08
LOG00276,SC0004,2024-02-02T23:13:54,display_fault,274.48,TECH18
LOG00277,SC0157,2024-06-24T07:44:56,display_fault,419.13,TECH17
LOG00278,SC0187,2025-06-18T09:11:57,tire_puncture,658.47,TECH05
LOG00279,SC0191,2024-07-25T13:51:00,display_fault,196.47,TECH06
LOG00280,SC0085,2025-04-25T07:26:32,motor_issue,255.11,TECH03
LOG00281,SC0065,2025-05-26T06:20:26,motor_issue,-232.63,TECH15
LOG00282,SC0091,2024-04-12T13:49:03,motor_issue,466.63,TECH19
LOG00283,SC0009,2025-04-15T08:16:09,motor_issue,151.69,TECH12
LOG00284,SC0162,2025-04-03T20:02:03,battery_replacement,308.94,TECH01
LOG00285,SC0169,2024-02-27T14:52:57,battery_replacement,575.81,TECH19
LOG00286,SC0148,2024-03-13T18:37:57,software_update,683.0,TECH18
LOG00287,SC0111,2024-04-01T17:13:16,battery_replacement,169.03,TECH07
LOG00288,SC0197,2024-05-30T07:54:00,software_update,585.05,TECH15
LOG00289,SC0095,2024-01-02T17:58:10,motor_issue,120.95,TECH05
LOG00290,SC0064,2024-09-06T06:46:55,frame_damage,354.38,TECH20
LOG00291,SC0261,2024-11-14T17:42:49,throttle_repair,260.04,TECH05
LOG00292,SC0161,2024-07-16T16:57:19,motor_issue,790.85,TECH04
LOG00293,SC0127,2025-03-11T09:47:16,tire_puncture,-247.0,TECH07
LOG00294,SC0258,2024-06-17T17:00:32,motor_issue,596.71,TECH02
LOG00295,SC0186,2024-03-23T09:49:58,brake_repair,544.51,TECH15
LOG00296,SC0006,2025-03-05T16:11:16,battery_replacement,523.51,TECH05
LOG00297,SC0151,2024-07-30T14:10:05,display_fault,743.84,TECH16
LOG00298,SC0269,2024-04-26T15:16:46,display_fault,386.63,TECH19
LOG00299,SC0179,2024-09-05T06:36:52,brake_repair,592.19,TECH12
LOG00300,SC0186,2024-08-14T09:04:02,general_service,638.27,TECH18
LOG00301,SC0046,2025-04-29T15:52:26,frame_damage,717.91,TECH14
LOG00302,SC0105,2024-10-25T15:34:00,frame_damage,104.66,TECH14
LOG00303,SC0258,2025-06-01T21:19:03,tire_puncture,511.32,TECH12
LOG00304,SC0094,2024-01-30T16:43:23,brake_repair,261.56,TECH01
LOG00305,SC0027,2024-04-23T12:01:47,tire_puncture,759.48,TECH17
LOG00306,SC0156,2024-01-03T18:30:13,display_fault,87.85,TECH09
LOG00307,SC0196,2024-10-29T07:05:10,frame_damage,796.79,TECH09
LOG00308,SC0280,2025-01-11T19:56:43,display_fault,288.06,TECH10
LOG00309,SC0141,2024-03-26T05:00:02,general_service,664.98,TECH14
LOG00310,SC0171,2024-08-29T16:29:01,frame_damage,795.51,TECH03
LOG00311,SC0037,2024-12-12T12:53:25,general_service,166.89,TECH16
LOG00312,SC0003,2025-06-28T18:56:54,throttle_repair,-617.86,TECH06
LOG00313,SC0081,2025-06-24T16:38:55,software_update,120.37,TECH17
LOG00314,SC0046,2025-04-10T08:49:37,software_update,443.74,TECH12
LOG00315,SC0199,2024-12-13T19:19:08,frame_damage,110.25,TECH16
LOG00316,SC0181,2025-03-25T21:04:42,motor_issue,69.69,TECH01
LOG00317,SC0129,2025-01-10T09:14:02,general_service,286.05,TECH03
LOG00318,SC0050,2025-01-17T11:22:59,battery_replacement,477.25,TECH16
LOG00319,SC0035,2024-06-22T20:53:19,tire_puncture,165.81,TECH06
LOG00320,SC0166,2025-03-14T13:39:29,battery_replacement,508.67,TECH05
LOG00321,SC0162,2024-12-01T19:13:49,battery_replacement,753.52,TECH09
LOG00322,SC0105,2024-10-08T12:52:35,general_service,168.74,TECH14
LOG00323,SC0104,2024-12-18T19:18:38,software_update,-463.62,TECH16
LOG00324,SC0194,2025-01-07T07:07:44,software_update,383.99,TECH09
LOG00325,SC0031,2024-01-24T10:12:59,display_fault,454.59,TECH13
LOG00326,SC0168,2024-10-21T07:36:22,brake_repair,423.63,TECH18
LOG00327,SC0110,2024-01-22T11:36:39,brake_repair,198.69,TECH15
LOG00328,SC0052,2025-04-26T10:50:45,general_service,208.27,TECH15
LOG00329,SC0084,2025-03-03T12:03:29,battery_replacement,636.15,TECH08
LOG00330,SC0121,2024-03-14T09:38:39,display_fault,421.46,TECH11
LOG00331,SC0182,2024-06-28T09:42:18,software_update,564.23,TECH12
LOG00332,SC0149,2025-01-16T09:55:26,throttle_repair,618.58,TECH11
LOG00333,SC0156,2024-07-09T09:12:41,general_service,738.01,TECH16
LOG00334,SC0178,2024-05-06T12:20:40,motor_issue,698.8,TECH19
LOG00335,SC0090,2024-09-05T16:50:09,brake_repair,220.91,TECH14
LOG00336,SC0169,2024-04-15T21:18:24,tire_puncture,267.11,TECH01
LOG00337,SC0110,2025-02-19T14:39:59,software_update,565.25,TECH16
LOG00338,SC0002,2025-06-11T02:23:21,display_fault,-535.87,TECH08
LOG00339,SC0075,2025-04-21T13:22:41,software_update,734.92,TECH02
LOG00340,SC0016,2025-03-02T06:50:34,display_fault,657.73,TECH14
LOG00341,SC0269,2025-01-08T18:37:47,battery_replacement,283.81,TECH03
LOG00342,SC0154,2024-02-12T10:55:44,general_service,595.2,TECH07
LOG00343,SC0030,2025-08-03T00:00:00,battery_replacement,619.21,TECH13
LOG00344,SC0157,2024-03-06T17:23:05,display_fault,-124.9,TECH09
LOG00345,SC0021,2025-03-07T19:33:41,tire_puncture,737.37,TECH01
LOG00346,SC0127,2024-09-11T09:34:13,brake_repair,316.4,TECH13
LOG00347,SC0161,2024-08-15T14:44:05,motor_issue,473.44,TECH17
LOG00348,SC0141,2024-06-24T13:26:51,battery_replacement,209.79,TECH13
LOG00349,SC0263,2024-05-01T15:33:26,display_fault,56.47,TECH15
LOG00350,SC0061,2024-12-25T16:33:09,battery_replacement,629.24,TECH20
LOG00351,SC0079,2024-01-05T06:35:40,brake_repair,401.88,TECH20
LOG00352,SC0196,2025-06-23T19:16:22,display_fault,187.19,TECH14
LOG00353,SC0125,2024-06-02T14:50:06,display_fault,492.34,TECH07
LOG00354,SC0140,2024-06-28T14:49:26,brake_repair,411.61,TECH19
LOG00355,SC0105,2025-03-24T10:37:46,tire_puncture,673.07,TECH06
LOG00356,SC0007,2025-03-19T14:29:05,frame_damage,592.66,TECH16
LOG00357,SC0150,2024-05-07T16:07:36,display_fault,664.7,TECH17
LOG00358,SC0032,2024-04-30T09:56:31,display_fault,423.41,TECH13
LOG00359,SC0143,2024-08-02T18:29:01,general_service,677.05,TECH06
LOG00360,SC0151,2024-12-06T07:12:46,general_service,59.96,TECH17
LOG00361,SC0148,2025-04-01T05:39:30,frame_damage,603.26,TECH17
LOG00362,SC0017,2024-10-29T19:32:18,brake_repair,634.14,TECH06
LOG00363,SC0075,2024-09-10T17:27:59,battery_replacement,710.99,TECH18
LOG00364,SC0105,2024-04-01T17:29:36,software_update,-77.84,TECH10
LOG00365,SC0028,2024-02-02T17:20:06,frame_damage,798.6,TECH18
LOG00366,SC0197,2024-01-03T15:04:03,brake_repair,118.65,TECH11
LOG00367,SC0058,2024-06-12T12:07:59,motor_issue,351.55,TECH01
LOG00368,SC0193,2024-02-28T15:40:28,frame_damage,749.55,TECH04
LOG00369,SC0167,2024-03-08T19:26:30,battery_replacement,406.31,TECH11
LOG00370,SC0133,2024-12-20T17:09:00,motor_issue,294.79,TECH15
LOG00371,SC0080,2024-02-14T09:49:26,battery_replacement,238.87,TECH10
LOG00372,SC0180,2024-09-12T18:37:09,tire_puncture,105.98,TECH14
LOG00373,SC0292,2024-11-01T07:08:11,general_service,58.23,TECH10
LOG00374,SC0134,2024-12-12T12:04:41,battery_replacement,782.64,TECH09
LOG00375,SC0095,2024-08-28T13:16:22,display_fault,248.64,TECH13
LOG00376,SC0084,2025-06-30T07:00:33,motor_issue,475.83,TECH04
LOG00377,SC0138,2024-04-07T17:14:49,general_service,476.35,TECH17
LOG00378,SC0265,2024-06-18T18:19:40,display_fault,561.5,TECH16
LOG00379,SC0170,2024-10-30T14:31:39,software_update,716.28,TECH02
LOG00380,SC0090,2024-05-25T17:28:50,display_fault,616.57,TECH11
LOG00381,SC0259,2024-12-24T23:34:59,tire_puncture,-306.33,TECH10
LOG00382,SC0093,2025-01-21T11:55:33,general_service,-663.17,TECH19
LOG00383,SC0273,2025-04-19T10:54:58,general_service,199.82,TECH20
LOG00384,SC0043,2025-06-03T08:11:53,battery_replacement,337.79,TECH08
LOG00385,SC0120,2025-05-28T08:23:11,throttle_repair,662.84,TECH20
LOG00386,SC0281,2024-12-30T15:03:37,general_service,315.3,TECH10
LOG00387,SC0123,2025-10-30T00:00:00,display_fault,738.68,TECH01
LOG00388,SC0176,2024-09-29T07:54:18,tire_puncture,748.15,TECH20
LOG00389,SC0165,2024-06-21T17:55:26,general_service,636.4,TECH13
LOG00390,SC0055,2025-03-13T17:14:45,software_update,766.35,TECH03
LOG00391,SC0153,2024-03-13T17:57:58,software_update,313.37,TECH08
LOG00392,SC0036,2024-03-04T06:19:32,throttle_repair,514.42,TECH10
LOG00393,SC0022,2025-05-16T12:14:45,software_update,702.79,TECH19
LOG00394,SC0056,2024-02-23T05:09:40,tire_puncture,357.14,TECH20
LOG00395,SC0025,2024-05-20T11:39:18,frame_damage,204.24,TECH05
LOG00396,SC0065,2025-06-16T18:29:41,throttle_repair,783.79,TECH18
LOG00397,SC0092,2024-07-03T11:12:52,frame_damage,737.11,TECH05
LOG00398,SC0117,2025-06-04T15:35:34,throttle_repair,123.92,TECH13
LOG00399,SC0026,2025-03-17T10:08:08,frame_damage,667.75,TECH19
LOG00400,SC0018,2024-03-14T18:16:55,software_update,352.14,TECH04
LOG00401,SC0083,2025-04-04T14:08:29,software_update,413.33,TECH14
LOG00402,SC0057,2025-02-24T19:14:21,tire_puncture,502.07,TECH09
LOG00403,SC0098,2025-01-30T08:52:25,tire_puncture,361.97,TECH08
LOG00404,SC0066,2025-02-19T15:41:41,tire_puncture,521.76,TECH02
LOG00405,SC0099,2024-11-01T08:54:35,throttle_repair,542.45,TECH12
LOG00406,SC0004,2024-04-07T08:36:18,display_fault,667.42,TECH04
LOG00407,SC0001,2024-10-21T20:29:44,frame_damage,151.9,TECH04
LOG00408,SC0143,2025-06-23T13:20:13,frame_damage,173.44,TECH06
LOG00409,SC0017,2024-07-10T09:37:03,display_fault,599.42,TECH15
LOG00410,SC0170,2024-05-16T20:19:22,frame_damage,273.85,TECH07
LOG00411,SC0270,2024-04-03T06:09:42,throttle_repair,191.8,TECH08
LOG00412,SC0094,2025-07-26T00:00:00,tire_puncture,-686.83,TECH09
LOG00413,SC0025,2024-08-30T18:11:16,throttle_repair,615.12,TECH16
LOG00414,SC0143,2025-05-04T11:32:47,general_service,155.73,TECH12
LOG00415,SC0073,2024-06-30T07:11:00,display_fault,462.8,TECH05
LOG00416,SC0194,2025-03-13T13:28:48,frame_damage,300.42,TECH18
LOG00417,SC0080,2024-10-08T07:19:03,throttle_repair,329.1,TECH09
LOG00418,SC0101,2024-06-26T11:03:53,battery_replacement,229.35,TECH15
LOG00419,SC0193,2024-08-29T17:11:31,motor_issue,138.09,TECH18
LOG00420,SC0039,2025-02-25T09:10:39,motor_issue,-396.01,TECH09
LOG00421,SC0170,2024-09-05T08:46:22,motor_issue,731.41,TECH04
LOG00422,SC0082,2024-07-14T06:33:24,software_update,-117.83,TECH13
LOG00423,SC0131,2024-12-09T09:59:52,software_update,698.8,TECH03
LOG00424,SC0038,2025-01-19T09:29:55,display_fault,474.68,TECH05
LOG00425,SC0124,2024-10-21T21:39:14,display_fault,238.0,TECH14
LOG00426,SC0197,2025-04-25T01:29:56,display_fault,174.3,TECH01
LOG00427,SC0039,2024-05-20T09:00:26,display_fault,402.9,TECH08
LOG00428,SC0015,2024-06-05T08:15:00,display_fault,263.48,TECH10
LOG00429,SC0072,2025-04-08T15:40:12,motor_issue,230.63,TECH20
LOG00430,SC0185,2024-07-24T18:06:25,tire_puncture,758.99,TECH01
LOG00431,SC0108,2024-10-07T22:58:29,brake_repair,317.67,TECH03
LOG00432,SC0200,2024-05-30T18:30:05,tire_puncture,553.88,TECH07
LOG00433,SC0021,2025-06-18T17:25:12,display_fault,160.51,TECH20
LOG00434,SC0123,2024-11-16T18:13:22,frame_damage,70.52,TECH19
LOG00435,SC0077,2025-01-14T08:44:02,motor_issue,213.72,TECH11
LOG00436,SC0145,2024-08-28T07:53:34,battery_replacement,429.74,TECH02
LOG00437,SC0018,2024-07-07T19:28:06,general_service,239.47,TECH05
LOG00438,SC0137,2024-09-26T06:04:58,battery_replacement,590.37,TECH14
LOG00439,SC0198,2024-11-05T18:15:38,frame_damage,279.77,TECH03
LOG00440,SC0134,2025-05-28T09:06:20,tire_puncture,403.56,TECH07
LOG00441,SC0036,2024-07-22T06:54:25,display_fault,744.51,TECH16
LOG00442,SC0063,2025-04-08T13:29:12,tire_puncture,93.27,TECH03
LOG00443,SC0193,2024-09-16T13:27:43,tire_puncture,682.82,TECH14
LOG00444,SC0062,2024-05-20T19:34:10,throttle_repair,413.36,TECH17
LOG00445,SC0139,2025-05-27T17:06:57,battery_replacement,770.01,TECH03
LOG00446,SC0083,2024-11-16T19:39:12,display_fault,277.39,TECH16
LOG00447,SC0186,2024-09-06T09:07:28,throttle_repair,188.59,TECH18
LOG00448,SC0156,2024-01-06T15:27:32,brake_repair,387.57,TECH20
LOG00449,SC0031,2024-11-10T17:28:50,brake_repair,785.51,TECH08
LOG00450,SC0027,2024-07-24T12:32:20,frame_damage,489.04,TECH03
LOG00451,SC0018,2024-04-20T15:06:43,frame_damage,112.49,TECH14
LOG00452,SC0072,2024-03-25T06:02:45,frame_damage,86.69,TECH17
LOG00453,SC0087,2024-11-01T17:29:46,general_service,542.85,TECH07
LOG00454,SC0110,2024-06-05T19:19:00,brake_repair,74.38,TECH16
LOG00455,SC0090,2024-07-16T07:01:04,display_fault,484.49,TECH11
LOG00456,SC0098,2025-02-10T07:47:38,software_update,602.47,TECH14
LOG00457,SC0079,2024-10-18T09:07:08,software_update,574.66,TECH08
LOG00458,SC0281,2025-05-20T17:22:14,motor_issue,313.37,TECH07
LOG00459,SC0283,2024-02-10T18:24:47,brake_repair,617.98,TECH18
LOG00460,SC0291,2024-11-27T15:38:49,frame_damage,731.59,TECH08
LOG00461,SC0092,2024-07-11T16:06:18,battery_replacement,390.87,TECH01
LOG00462,SC0185,2024-05-17T17:13:37,motor_issue,-58.91,TECH14
LOG00463,SC0110,2024-10-02T08:08:56,software_update,159.72,TECH14
LOG00464,SC0198,2024-02-10T13:03:59,motor_issue,562.04,TECH09
LOG00465,SC0121,2025-03-20T17:49:59,battery_replacement,168.84,TECH06
LOG00466,SC0112,2024-08-12T18:23:50,display_fault,411.44,TECH01
LOG00467,SC0192,2025-05-04T10:07:48,motor_issue,215.76,TECH10
LOG00468,SC0109,2025-04-01T19:11:16,throttle_repair,294.16,TECH13
LOG00469,SC0075,2024-11-18T19:04:41,display_fault,273.88,TECH17
LOG00470,SC0046,2024-12-03T10:32:41,display_fault,50.92,TECH14
LOG00471,SC0125,2024-11-03T10:44:29,frame_damage,114.49,TECH13
LOG00472,SC0039,2024-12-10T18:50:53,battery_replacement,620.32,TECH06
LOG00473,SC0110,2024-04-12T07:32:52,general_service,534.29,TECH18
LOG00474,SC0109,2024-08-02T07:30:55,brake_repair,788.42,TECH06
LOG00475,SC0052,2024-06-02T08:14:47,general_service,599.48,TECH05
LOG00476,SC0137,2025-05-01T06:15:08,brake_repair,697.22,TECH09
LOG00477,SC0013,2024-11-22T15:24:36,throttle_repair,473.02,TECH17
LOG00478,SC0028,2024-10-03T08:49:44,brake_repair,342.81,TECH13
LOG00479,SC0055,2024-08-30T08:05:29,brake_repair,755.39,TECH18
LOG00480,SC0102,2025-12-14T00:00:00,brake_repair,447.34,TECH08
LOG00481,SC0012,2025-04-08T12:56:38,tire_puncture,143.01,TECH01
LOG00482,SC0107,2024-02-03T19:53:49,software_update,480.72,TECH15
LOG00483,SC0176,2025-04-04T14:37:39,frame_damage,327.71,TECH02
LOG00484,SC0181,2025-05-26T20:29:41,throttle_repair,234.95,TECH02
LOG00485,SC0083,2024-05-06T08:31:42,general_service,456.31,TECH13
LOG00486,SC0018,2025-09-26T00:00:00,display_fault,705.16,TECH18
LOG00487,SC0067,2024-03-13T09:48:51,frame_damage,220.15,TECH14
LOG00488,SC0183,2024-03-29T18:08:54,software_update,154.35,TECH14
LOG00489,SC0175,2025-05-02T20:57:41,battery_replacement,105.25,TECH05
LOG00490,SC0021,2024-10-23T19:28:55,battery_replacement,324.48,TECH10
LOG00491,SC0025,2024-06-21T09:31:48,brake_repair,472.04,TECH09
LOG00492,SC0007,2024-07-05T17:24:04,battery_replacement,413.41,TECH10
LOG00493,SC0061,2024-02-21T08:23:21,throttle_repair,300.61,TECH09
LOG00494,SC0078,2024-12-09T22:37:34,tire_puncture,340.25,TECH09
LOG00495,SC0143,2024-05-14T07:53:37,software_update,214.01,TECH09
LOG00496,SC0106,2025-03-30T17:02:12,display_fault,584.55,TECH04
LOG00497,SC0011,2025-04-25T18:37:22,frame_damage,582.13,TECH12
LOG00498,SC0032,2025-06-26T07:45:53,throttle_repair,312.75,TECH07
LOG00499,SC0197,2024-02-12T09:50:59,software_update,404.87,TECH09
LOG00500,SC0032,2024-06-29T20:39:16,general_service,97.16,TECH03
LOG00501,SC0037,2024-06-24T15:38:21,tire_puncture,421.6,TECH15
LOG00502,SC0019,2024-07-18T08:11:32,frame_damage,357.05,TECH06
LOG00503,SC0189,2024-03-14T13:01:20,tire_puncture,617.99,TECH08
LOG00504,SC0190,2025-04-27T13:58:25,motor_issue,252.95,TECH04
LOG00505,SC0102,2024-03-14T09:12:46,software_update,603.86,TECH09
LOG00506,SC0029,2025-05-28T15:11:53,battery_replacement,728.0,TECH06
LOG00507,SC0190,2024-04-02T12:56:07,motor_issue,262.37,TECH16
LOG00508,SC0058,2025-01-20T05:16:00,brake_repair,605.97,TECH08
LOG00509,SC0089,2025-06-09T07:38:06,brake_repair,511.7,TECH01
LOG00510,SC0024,2024-11-22T07:51:51,throttle_repair,723.03,TECH02
LOG00511,SC0182,2025-03-05T21:58:06,display_fault,252.18,TECH17
LOG00512,SC0004,2025-04-27T08:46:06,motor_issue,663.1,TECH11
LOG00513,SC0040,2024-05-03T08:30:04,tire_puncture,761.69,TECH03
LOG00514,SC0132,2025-06-26T21:31:58,motor_issue,661.36,TECH03
LOG00515,SC0252,2024-08-05T15:54:41,motor_issue,627.45,TECH11
LOG00516,SC0096,2024-12-13T18:16:47,motor_issue,162.79,TECH16
LOG00517,SC0029,2024-11-19T21:37:38,throttle_repair,704.15,TECH02
LOG00518,SC0199,2025-04-01T18:29:38,software_update,585.68,TECH17
LOG00519,SC0079,2025-05-29T18:51:54,software_update,51.58,TECH05
LOG00520,SC0011,2024-04-20T08:58:42,battery_replacement,651.62,TECH04
LOG00521,SC0174,2024-06-09T02:43:39,general_service,401.32,TECH16
LOG00522,SC0073,2025-03-15T08:02:29,battery_replacement,288.47,TECH04
LOG00523,SC0045,2025-02-24T14:21:29,motor_issue,526.35,TECH18
LOG00524,SC0058,2024-08-23T19:14:39,display_fault,-134.96,TECH12
LOG00525,SC0025,2024-09-26T18:38:42,battery_replacement,557.63,TECH12
LOG00526,SC0174,2025-05-11T12:07:58,software_update,461.47,TECH16
LOG00527,SC0083,2024-09-27T08:55:37,battery_replacement,471.02,TECH10
LOG00528,SC0029,2024-06-23T10:45:43,frame_damage,755.7,TECH09
LOG00529,SC0062,2024-11-12T15:02:10,software_update,426.57,TECH11
LOG00530,SC0173,2024-05-30T16:46:39,battery_replacement,183.22,TECH15
LOG00531,SC0047,2025-04-05T20:47:22,throttle_repair,332.61,TECH08
LOG00532,SC0063,2024-04-13T06:35:08,throttle_repair,81.41,TECH18
LOG00533,SC0173,2025-03-30T08:05:43,tire_puncture,236.07,TECH20
LOG00534,SC0159,2025-03-10T09:24:09,software_update,277.29,TECH11
LOG00535,SC0141,2025-06-13T18:41:01,general_service,782.01,TECH06
LOG00536,SC0115,2025-01-31T02:55:31,frame_damage,295.96,TECH07
LOG00537,SC0006,2025-07-05T00:00:00,display_fault,-199.03,TECH17
LOG00538,SC0078,2025-06-30T18:40:28,general_service,219.4,TECH17
LOG00539,SC0142,2024-08-02T10:51:33,brake_repair,188.39,TECH16
LOG00540,SC0177,2024-08-12T10:42:09,brake_repair,600.01,TECH07
LOG00541,SC0260,2024-11-07T19:19:38,throttle_repair,478.24,TECH14
LOG00542,SC0117,2024-09-25T07:46:27,tire_puncture,597.4,TECH04
LOG00543,SC0262,2024-05-31T09:12:59,battery_replacement,202.0,TECH11
LOG00544,SC0161,2025-05-26T22:56:18,motor_issue,232.74,TECH18
LOG00545,SC0077,2024-11-08T15:50:06,tire_puncture,266.64,TECH05
LOG00546,SC0001,2024-02-23T18:29:31,software_update,-235.57,TECH03
LOG00547,SC0018,2025-05-19T18:23:38,throttle_repair,374.71,TECH12
LOG00548,SC0036,2024-10-09T08:16:35,display_fault,217.03,TECH08
LOG00549,SC0148,2024-01-17T17:09:54,display_fault,574.09,TECH15
LOG00550,SC0025,2024-05-12T20:54:35,software_update,268.48,TECH01
LOG00551,SC0177,2025-05-23T07:57:59,display_fault,72.64,TECH09
LOG00552,SC0263,2024-03-28T20:48:14,throttle_repair,627.48,TECH15
LOG00553,SC0169,2024-06-06T19:48:23,throttle_repair,191.08,TECH17
LOG00554,SC0018,2025-04-10T08:03:34,motor_issue,139.22,TECH19
LOG00555,SC0086,2024-08-23T18:10:14,battery_replacement,414.7,TECH13
LOG00556,SC0079,2024-03-15T10:34:41,battery_replacement,395.72,TECH02
LOG00557,SC0150,2024-04-12T18:11:25,general_service,778.44,TECH06
LOG00558,SC0062,2024-12-13T08:34:44,motor_issue,213.43,TECH03
LOG00559,SC0088,2025-01-07T18:21:18,tire_puncture,384.71,TECH09
LOG00560,SC0144,2025-01-02T05:09:14,brake_repair,635.88,TECH16
LOG00561,SC0065,2024-05-28T16:30:37,display_fault,743.92,TECH05
LOG00562,SC0090,2025-01-28T08:09:14,motor_issue,299.44,TECH07
LOG00563,SC0050,2025-05-26T06:38:32,battery_replacement,242.54,TECH19
LOG00564,SC0035,2024-05-02T08:14:37,frame_damage,-508.98,TECH01
LOG00565,SC0195,2025-08-27T00:00:00,software_update,90.32,TECH13
LOG00566,SC0035,2024-05-12T20:24:44,software_update,606.53,TECH08
LOG00567,SC0015,2025-06-23T09:23:03,general_service,148.01,TECH06
LOG00568,SC0145,2025-04-25T12:05:23,motor_issue,290.21,TECH15
LOG00569,SC0031,2024-01-09T17:55:45,tire_puncture,122.39,TECH05
LOG00570,SC0017,2024-12-18T11:26:50,display_fault,201.06,TECH01
LOG00571,SC0048,2024-06-11T08:29:49,display_fault,706.3,TECH08
LOG00572,SC0010,2024-06-03T05:45:21,brake_repair,696.9,TECH06
LOG00573,SC0122,2024-08-09T09:05:17,brake_repair,501.04,TECH18
LOG00574,SC0087,2024-03-30T18:38:42,tire_puncture,410.02,TECH10
LOG00575,SC0060,2024-05-16T10:23:35,software_update,178.94,TECH03
LOG00576,SC0144,2025-02-20T18:33:22,software_update,68.05,TECH02
LOG00577,SC0196,2024-10-19T09:23:07,display_fault,155.01,TECH10
LOG00578,SC0038,2024-09-10T04:50:46,motor_issue,278.19,TECH10
LOG00579,SC0125,2024-05-21T19:24:35,brake_repair,611.23,TECH01
LOG00580,SC0007,2024-10-15T15:40:12,tire_puncture,488.39,TECH17
LOG00581,SC0168,2024-01-08T09:56:42,tire_puncture,695.46,TECH16
LOG00582,SC0149,2025-11-21T00:00:00,brake_repair,426.24,TECH04
LOG00583,SC0104,2025-05-02T16:40:00,brake_repair,80.01,TECH19
LOG00584,SC0149,2025-05-28T08:38:34,tire_puncture,172.11,TECH19
LOG00585,SC0067,2024-09-27T18:38:17,software_update,262.08,TECH17
LOG00586,SC0269,2024-03-12T16:03:59,display_fault,310.39,TECH13
LOG00587,SC0066,2024-10-30T10:17:46,software_update,217.81,TECH04
LOG00588,SC0282,2024-05-06T06:32:06,display_fault,595.89,TECH14
LOG00589,SC0144,2024-07-02T15:05:37,software_update,390.85,TECH13
LOG00590,SC0134,2024-04-22T18:07:21,motor_issue,331.36,TECH08
LOG00591,SC0137,2024-09-25T09:51:48,general_service,676.4,TECH01
LOG00592,SC0019,2024-06-21T15:06:13,battery_replacement,216.4,TECH13
LOG00593,SC0114,2025-05-27T19:12:50,throttle_repair,505.1,TECH14
LOG00594,SC0032,2025-06-11T17:36:02,battery_replacement,550.21,TECH14
LOG00595,SC0125,2024-03-21T17:23:20,throttle_repair,266.36,TECH20
LOG00596,SC0113,2024-06-15T11:43:24,frame_damage,-195.11,TECH13
LOG00597,SC0137,2024-02-29T07:01:52,frame_damage,316.26,TECH10
LOG00598,SC0129,2024-04-03T14:01:33,display_fault,211.51,TECH18
LOG00599,SC0137,2025-04-14T19:05:05,general_service,222.84,TECH18
LOG00600,SC0057,2025-03-12T11:47:37,brake_repair,94.11,TECH03
LOG00601,SC0123,2024-04-17T14:12:17,battery_replacement,181.9,TECH07
LOG00602,SC0105,2024-07-24T16:07:58,motor_issue,116.16,TECH04
LOG00603,SC0009,2024-01-15T19:30:38,software_update,475.86,TECH02
LOG00604,SC0173,2024-08-01T17:30:26,battery_replacement,104.1,TECH13
LOG00605,SC0282,2024-11-06T06:46:53,brake_repair,341.17,TECH09
LOG00606,SC0024,2024-12-20T09:37:01,battery_replacement,461.36,TECH03
LOG00607,SC0131,2024-09-15T05:37:49,throttle_repair,725.93,TECH01
LOG00608,SC0086,2024-02-26T06:35:03,throttle_repair,130.2,TECH11
LOG00609,SC0065,2024-07-21T20:36:52,frame_damage,663.44,TECH09
LOG00610,SC0057,2024-05-31T19:20:49,software_update,630.47,TECH15
LOG00611,SC0011,2024-08-31T19:12:07,motor_issue,113.75,TECH08
LOG00612,SC0175,2024-08-10T09:53:08,throttle_repair,521.57,TECH11
LOG00613,SC0082,2024-07-15T17:31:15,motor_issue,695.68,TECH07
LOG00614,SC0040,2024-08-16T20:19:01,frame_damage,680.2,TECH10
LOG00615,SC0169,2025-04-04T22:00:59,software_update,703.02,TECH11
LOG00616,SC0126,2025-05-20T09:24:10,battery_replacement,537.15,TECH03
LOG00617,SC0254,2025-01-14T07:06:20,tire_puncture,701.34,TECH16
LOG00618,SC0170,2024-08-01T09:47:33,battery_replacement,623.27,TECH09
LOG00619,SC0172,2025-01-13T08:25:31,software_update,400.39,TECH06
LOG00620,SC0154,2025-03-19T22:02:31,general_service,616.94,TECH09
LOG00621,SC0093,2025-02-10T11:35:51,software_update,797.54,TECH17
LOG00622,SC0251,2024-12-12T13:47:53,display_fault,717.17,TECH11
LOG00623,SC0082,2024-09-18T11:04:02,throttle_repair,775.09,TECH18
LOG00624,SC0175,2024-07-22T07:22:39,tire_puncture,587.69,TECH16
LOG00625,SC0187,2024-11-04T18:37:12,motor_issue,267.5,TECH13
LOG00626,SC0093,2024-11-14T19:15:24,general_service,99.38,TECH20
LOG00627,SC0193,2024-09-13T20:18:27,display_fault,639.46,TECH11
LOG00628,SC0164,2025-05-12T07:34:22,tire_puncture,79.59,TECH01
LOG00629,SC0086,2025-05-23T21:51:25,general_service,698.47,TECH03
LOG00630,SC0023,2025-05-12T16:49:28,frame_damage,-183.74,TECH06
LOG00631,SC0150,2024-04-05T18:02:08,throttle_repair,84.18,TECH01
LOG00632,SC0023,2024-10-09T16:10:08,tire_puncture,567.39,TECH03
LOG00633,SC0094,2024-07-21T12:59:30,battery_replacement,710.66,TECH17
LOG00634,SC0106,2024-03-18T20:18:50,display_fault,373.42,TECH15
LOG00635,SC0079,2024-05-13T07:51:58,battery_replacement,182.05,TECH16
LOG00636,SC0197,2025-02-20T10:29:30,tire_puncture,103.49,TECH20
LOG00637,SC0188,2024-01-30T18:33:56,general_service,310.53,TECH05
LOG00638,SC0044,2025-02-13T07:59:00,software_update,234.76,TECH03
LOG00639,SC0114,2025-03-15T19:27:13,battery_replacement,275.34,TECH20
LOG00640,SC0032,2024-09-23T17:32:34,software_update,81.05,TECH08
LOG00641,SC0017,2025-03-06T08:25:51,motor_issue,194.69,TECH12
LOG00642,SC0183,2025-01-31T13:13:47,software_update,712.52,TECH05
LOG00643,SC0105,2025-03-09T07:39:09,brake_repair,216.12,TECH03
LOG00644,SC0163,2024-06-17T17:10:33,tire_puncture,552.63,TECH11
LOG00645,SC0281,2025-04-03T17:39:44,motor_issue,789.46,TECH08
LOG00646,SC0042,2025-06-05T07:29:05,display_fault,67.77,TECH11
LOG00647,SC0149,2024-04-22T20:15:04,display_fault,362.37,TECH14
LOG00648,SC0044,2025-04-03T17:02:55,general_service,479.36,TECH06
LOG00649,SC0198,2024-02-05T11:21:13,motor_issue,228.15,TECH01
LOG00650,SC0168,2025-03-13T08:54:48,display_fault,364.73,TECH13
LOG00651,SC0132,2024-04-11T08:26:04,general_service,558.05,TECH04
LOG00652,SC0181,2024-06-28T19:04:31,display_fault,-317.64,TECH06
LOG00653,SC0086,2024-01-04T18:16:50,throttle_repair,793.72,TECH01
LOG00654,SC0159,2024-04-10T16:04:35,tire_puncture,464.22,TECH11
LOG00655,SC0071,2024-11-27T11:51:07,general_service,288.02,TECH19
LOG00656,SC0041,2025-05-14T08:57:12,throttle_repair,322.99,TECH19
LOG00657,SC0166,2024-10-12T10:47:50,tire_puncture,243.66,TECH13
LOG00658,SC0076,2024-10-26T18:20:09,throttle_repair,515.05,TECH13
LOG00659,SC0162,2024-04-11T08:09:31,general_service,741.95,TECH06
LOG00660,SC0038,2024-02-06T22:33:21,software_update,575.39,TECH06
LOG00661,SC0016,2025-08-17T00:00:00,display_fault,202.78,TECH03
LOG00662,SC0038,2025-01-14T12:22:06,battery_replacement,720.56,TECH08
LOG00663,SC0061,2024-10-01T15:56:52,software_update,226.07,TECH11
LOG00664,SC0192,2025-05-19T20:37:19,general_service,110.92,TECH14
LOG00665,SC0169,2024-12-28T16:40:31,brake_repair,107.15,TECH06
LOG00666,SC0130,2024-03-11T09:52:21,general_service,320.4,TECH04
LOG00667,SC0035,2024-10-16T07:55:45,battery_replacement,548.7,TECH17
LOG00668,SC0116,2024-10-25T17:37:24,display_fault,496.68,TECH15
LOG00669,SC0086,2025-06-26T07:22:04,software_update,774.55,TECH07
LOG00670,SC0004,2025-02-02T08:35:42,battery_replacement,780.06,TECH02
LOG00671,SC0011,2024-02-25T19:07:39,battery_replacement,690.69,TECH09
LOG00672,SC0005,2025-02-25T12:43:18,throttle_repair,750.2,TECH04
LOG00673,SC0091,2024-11-11T09:15:51,software_update,733.95,TECH12
LOG00674,SC0290,2025-05-05T17:04:03,general_service,283.17,TECH07
LOG00675,SC0045,2024-10-15T17:29:58,motor_issue,578.23,TECH08
LOG00676,SC0189,2024-03-05T20:34:51,software_update,170.79,TECH06
LOG00677,SC0072,2024-04-25T16:52:01,software_update,470.07,TECH01
LOG00678,SC0096,2024-10-10T19:18:10,general_service,451.0,TECH18
LOG00679,SC0198,2025-01-17T08:29:00,display_fault,286.08,TECH11
LOG00680,SC0043,2024-06-18T11:14:09,general_service,98.12,TECH11
LOG00681,SC0170,2024-08-30T18:13:36,motor_issue,460.71,TECH16
LOG00682,SC0183,2024-11-21T09:33:13,general_service,628.11,TECH07
LOG00683,SC0088,2025-02-25T09:00:15,motor_issue,437.63,TECH02
LOG00684,SC0039,2024-06-14T18:33:38,frame_damage,238.5,TECH16
LOG00685,SC0082,2025-03-14T09:49:17,frame_damage,271.82,TECH16
LOG00686,SC0136,2024-06-05T16:24:41,brake_repair,172.26,TECH10
LOG00687,SC0194,2024-05-25T18:34:11,software_update,364.11,TECH16
LOG00688,SC0150,2024-07-20T01:51:43,display_fault,278.45,TECH16
LOG00689,SC0158,2024-04-11T19:09:17,display_fault,555.32,TECH02
LOG00690,SC0005,2024-04-13T14:24:18,software_update,672.71,TECH02
LOG00691,SC0132,2024-02-14T18:10:09,frame_damage,219.6,TECH06
LOG00692,SC0068,2024-04-24T11:13:34,battery_replacement,720.86,TECH13
LOG00693,SC0011,2024-08-29T11:46:49,general_service,-793.42,TECH13
LOG00694,SC0089,2025-04-16T18:18:57,battery_replacement,349.7,TECH01
LOG00695,SC0068,2024-04-26T19:37:27,battery_replacement,352.27,TECH19
LOG00696,SC0049,2025-03-26T07:48:11,software_update,209.09,TECH09
LOG00697,SC0186,2025-05-22T21:40:16,throttle_repair,794.6,TECH18
LOG00698,SC0047,2024-09-04T08:27:54,throttle_repair,304.42,TECH10
LOG00699,SC0005,2024-07-20T10:47:16,software_update,324.32,TECH15
LOG00700,SC0129,2025-05-08T08:17:05,brake_repair,159.83,TECH09
LOG00701,SC0012,2024-06-25T06:17:25,throttle_repair,399.86,TECH17
LOG00702,SC0089,2024-09-05T16:15:41,general_service,160.41,TECH06
LOG00703,SC0060,2024-08-22T11:20:09,display_fault,-714.89,TECH16
LOG00704,SC0096,2024-01-26T13:25:13,software_update,389.09,TECH08
LOG00705,SC0024,2024-04-22T09:21:39,display_fault,351.12,TECH08
LOG00706,SC0188,2024-10-12T16:23:37,software_update,347.7,TECH14
LOG00707,SC0112,2024-04-04T06:50:07,tire_puncture,544.42,TECH04
LOG00708,SC0126,2025-04-18T18:24:43,battery_replacement,470.31,TECH17
LOG00709,SC0036,2025-04-18T16:28:02,brake_repair,531.91,TECH13
LOG00710,SC0178,2024-11-15T12:50:51,battery_replacement,64.12,TECH17
LOG00711,SC0021,2025-10-19T00:00:00,frame_damage,498.07,TECH20
LOG00712,SC0155,2024-09-04T14:09:00,general_service,-626.33,TECH10
LOG00713,SC0020,2024-02-13T13:06:12,display_fault,614.59,TECH08
LOG00714,SC0190,2025-02-20T12:36:09,frame_damage,388.74,TECH02
LOG00715,SC0190,2024-12-23T06:01:17,frame_damage,733.86,TECH19
LOG00716,SC0008,2024-12-12T07:13:30,software_update,167.39,TECH05
LOG00717,SC0178,2024-01-15T20:09:35,general_service,518.3,TECH06
LOG00718,SC0058,2024-05-20T14:35:10,software_update,673.53,TECH16
LOG00719,SC0129,2024-08-19T19:16:47,general_service,624.76,TECH09
LOG00720,SC0102,2024-09-19T21:47:36,battery_replacement,117.05,TECH18
LOG00721,SC0030,2024-08-16T17:25:00,battery_replacement,479.3,TECH12
LOG00722,SC0080,2025-06-08T17:54:34,software_update,287.13,TECH17
LOG00723,SC0025,2024-04-19T09:09:22,display_fault,580.8,TECH18
LOG00724,SC0059,2024-10-01T09:48:44,software_update,358.6,TECH08
LOG00725,SC0167,2025-05-08T08:08:30,frame_damage,156.16,TECH16
LOG00726,SC0089,2025-04-26T07:52:09,battery_replacement,740.06,TECH03
LOG00727,SC0280,2025-01-31T19:32:17,motor_issue,614.69,TECH18
LOG00728,SC0094,2025-04-04T21:28:10,frame_damage,124.22,TECH05
LOG00729,SC0278,2025-05-27T18:39:25,motor_issue,244.32,TECH04
LOG00730,SC0001,2024-10-28T09:49:37,brake_repair,113.68,TECH14
LOG00731,SC0105,2025-04-01T20:09:53,battery_replacement,513.18,TECH03
LOG00732,SC0178,2024-07-30T09:54:41,throttle_repair,782.93,TECH10
LOG00733,SC0179,2024-05-03T12:22:15,tire_puncture,75.27,TECH13
LOG00734,SC0066,2025-01-31T07:19:48,display_fault,723.67,TECH16
LOG00735,SC0188,2025-07-03T00:00:00,throttle_repair,412.84,TECH20
LOG00736,SC0067,2025-06-13T08:50:55,brake_repair,694.38,TECH13
LOG00737,SC0015,2025-12-01T00:00:00,battery_replacement,78.14,TECH15
LOG00738,SC0162,2025-03-15T08:24:17,battery_replacement,669.43,TECH12
LOG00739,SC0002,2024-10-14T06:52:50,general_service,536.41,TECH13
LOG00740,SC0045,2024-10-16T10:09:58,tire_puncture,316.9,TECH06
LOG00741,SC0185,2024-08-15T08:59:25,tire_puncture,679.56,TECH17
LOG00742,SC0079,2024-12-03T18:06:02,brake_repair,655.84,TECH13
LOG00743,SC0033,2025-03-31T17:53:53,battery_replacement,372.39,TECH14
LOG00744,SC0151,2024-05-23T07:51:47,throttle_repair,648.61,TECH01
LOG00745,SC0152,2024-04-24T16:16:15,frame_damage,356.62,TECH15
LOG00746,SC0053,2025-03-07T08:19:02,general_service,698.3,TECH03
LOG00747,SC0083,2024-04-29T15:31:19,general_service,596.19,TECH17
LOG00748,SC0031,2025-02-23T08:38:46,battery_replacement,510.23,TECH03
LOG00749,SC0167,2024-05-30T20:15:43,display_fault,117.29,TECH12
LOG00750,SC0022,2025-01-24T13:40:07,display_fault,204.93,TECH07
LOG00751,SC0055,2024-05-08T12:14:48,tire_puncture,216.89,TECH11
LOG00752,SC0157,2024-03-22T05:00:47,battery_replacement,418.5,TECH02
LOG00753,SC0280,2025-05-25T17:08:44,battery_replacement,602.94,TECH20
LOG00754,SC0021,2025-04-18T07:11:30,frame_damage,302.77,TECH12
LOG00755,SC0046,2025-05-27T00:35:58,software_update,671.71,TECH14
LOG00756,SC0145,2025-03-13T19:18:31,battery_replacement,-248.01,TECH02
LOG00757,SC0043,2025-07-31T00:00:00,motor_issue,303.12,TECH14
LOG00758,SC0067,2025-03-24T21:09:08,brake_repair,551.82,TECH16
LOG00759,SC0050,2024-04-30T12:04:06,motor_issue,593.31,TECH07
LOG00760,SC0063,2024-09-18T19:18:56,general_service,210.37,TECH07
LOG00761,SC0141,2024-10-30T08:05:23,display_fault,383.01,TECH01
LOG00762,SC0147,2024-11-28T21:53:26,software_update,497.3,TECH03
LOG00763,SC0149,2025-05-30T09:08:44,brake_repair,196.43,TECH04
LOG00764,SC0110,2025-05-06T15:56:01,battery_replacement,668.98,TECH04
LOG00765,SC0200,2024-05-17T09:34:47,display_fault,696.7,TECH17
LOG00766,SC0069,2024-03-17T23:03:23,throttle_repair,719.42,TECH08
LOG00767,SC0193,2025-05-13T18:14:56,motor_issue,93.82,TECH02
LOG00768,SC0029,2024-02-13T18:58:10,general_service,288.84,TECH04
LOG00769,SC0107,2024-08-19T18:48:26,software_update,215.48,TECH04
LOG00770,SC0102,2025-05-30T07:00:08,general_service,685.33,TECH07
LOG00771,SC0046,2024-03-18T17:38:46,battery_replacement,175.01,TECH14
LOG00772,SC0017,2025-04-14T09:48:54,battery_replacement,753.96,TECH08
LOG00773,SC0181,2024-03-07T23:31:48,throttle_repair,482.94,TECH06
LOG00774,SC0035,2024-09-18T18:15:22,general_service,673.49,TECH02
LOG00775,SC0030,2024-09-28T07:50:29,display_fault,501.32,TECH09
LOG00776,SC0148,2024-03-19T18:49:49,motor_issue,498.57,TECH12
LOG00777,SC0095,2024-08-24T12:08:23,tire_puncture,199.07,TECH06
LOG00778,SC0033,2024-02-22T12:00:03,throttle_repair,774.75,TECH02
LOG00779,SC0006,2024-01-16T19:58:41,general_service,154.72,TECH10
LOG00780,SC0092,2024-05-05T14:08:26,software_update,513.8,TECH13
LOG00781,SC0117,2024-10-04T09:56:52,general_service,629.11,TECH07
LOG00782,SC0081,2024-04-24T09:05:44,throttle_repair,756.58,TECH14
LOG00783,SC0062,2024-01-03T17:58:45,display_fault,777.36,TECH09
LOG00784,SC0160,2025-02-11T08:49:55,display_fault,450.78,TECH03
LOG00785,SC0194,2024-10-17T06:52:28,software_update,450.0,TECH16
LOG00786,SC0119,2025-05-15T18:51:54,tire_puncture,179.18,TECH09
LOG00787,SC0152,2024-06-10T18:01:32,frame_damage,131.92,TECH12
LOG00788,SC0077,2025-04-15T10:13:38,display_fault,765.47,TECH02
LOG00789,SC0166,2024-05-17T21:03:49,brake_repair,712.67,TECH15
LOG00790,SC0020,2024-04-11T07:19:38,battery_replacement,695.85,TECH16
LOG00791,SC0162,2025-09-07T00:00:00,throttle_repair,554.51,TECH20
LOG00792,SC0150,2024-11-26T11:12:06,tire_puncture,557.58,TECH17
LOG00793,SC0059,2024-09-06T20:05:37,display_fault,751.19,TECH14
LOG00794,SC0128,2025-06-10T21:16:02,display_fault,341.23,TECH06
LOG00795,SC0039,2024-09-04T14:01:12,tire_puncture,685.6,TECH09
LOG00796,SC0186,2024-06-11T23:41:26,software_update,343.03,TECH17
LOG00797,SC0029,2024-09-21T18:46:26,display_fault,739.12,TECH17
LOG00798,SC0190,2025-05-28T21:07:55,tire_puncture,-113.8,TECH19
LOG00799,SC0133,2025-05-21T18:09:53,battery_replacement,-411.5,TECH18
LOG00800,SC0110,2025-07-13T00:00:00,battery_replacement,309.43,TECH16
LOG00801,SC0115,2024-07-08T15:41:06,tire_puncture,135.1,TECH05
LOG00802,SC0008,2024-05-29T18:31:30,software_update,465.75,TECH14
LOG00803,SC0126,2025-04-03T09:02:50,software_update,368.5,TECH09
LOG00804,SC0275,2024-12-10T21:20:55,display_fault,179.02,TECH04
LOG00805,SC0165,2025-04-20T17:02:57,motor_issue,284.45,TECH14
LOG00806,SC0140,2024-04-05T07:06:19,frame_damage,527.27,TECH16
LOG00807,SC0098,2025-03-01T16:07:27,motor_issue,201.82,TECH05
LOG00808,SC0067,2024-07-20T14:41:42,frame_damage,620.88,TECH02
LOG00809,SC0026,2024-12-31T01:20:42,brake_repair,393.63,TECH03
LOG00810,SC0060,2024-08-14T09:00:37,frame_damage,731.58,TECH03
LOG00811,SC0079,2025-01-07T18:16:22,frame_damage,211.03,TECH05
LOG00812,SC0127,2024-10-27T14:13:04,tire_puncture,754.38,TECH04
LOG00813,SC0170,2024-08-27T20:09:49,motor_issue,422.42,TECH10
LOG00814,SC0002,2024-09-09T07:11:45,software_update,479.04,TECH05
LOG00815,SC0175,2024-07-26T19:35:05,throttle_repair,260.35,TECH20
LOG00816,SC0012,2025-08-16T00:00:00,frame_damage,509.46,TECH01
LOG00817,SC0192,2024-03-25T14:52:47,display_fault,595.65,TECH20
LOG00818,SC0184,2024-11-12T08:40:37,frame_damage,115.44,TECH08
LOG00819,SC0111,2025-05-02T11:53:54,brake_repair,355.1,TECH08
LOG00820,SC0039,2025-02-24T16:19:17,general_service,401.87,TECH15
LOG00821,SC0183,2024-05-24T08:24:12,tire_puncture,762.01,TECH08
LOG00822,SC0189,2025-04-08T14:35:08,tire_puncture,164.17,TECH12
LOG00823,SC0037,2024-11-13T12:49:01,brake_repair,533.85,TECH03
LOG00824,SC0035,2024-11-29T04:11:05,display_fault,211.22,TECH17
LOG00825,SC0089,2024-02-23T12:40:14,software_update,546.96,TECH01
LOG00826,SC0164,2024-11-05T11:47:03,general_service,154.0,TECH16
LOG00827,SC0084,2024-04-03T19:39:12,brake_repair,548.3,TECH06
LOG00828,SC0176,2024-08-08T19:42:44,battery_replacement,318.29,TECH17
LOG00829,SC0069,2025-05-26T09:03:24,battery_replacement,380.6,TECH01
LOG00830,SC0102,2024-06-27T13:43:43,battery_replacement,151.58,TECH14
LOG00831,SC0020,2025-05-06T22:03:55,display_fault,316.65,TECH02
LOG00832,SC0119,2024-08-13T18:17:41,motor_issue,756.57,TECH04
LOG00833,SC0046,2024-07-16T17:09:20,frame_damage,373.16,TECH08
LOG00834,SC0172,2024-10-12T15:27:02,motor_issue,410.82,TECH04
LOG00835,SC0112,2025-01-30T09:12:13,battery_replacement,176.29,TECH16
LOG00836,SC0012,2025-02-14T18:50:12,software_update,214.89,TECH05
LOG00837,SC0056,2024-07-30T20:37:10,brake_repair,763.5,TECH04
LOG00838,SC0104,2025-07-28T00:00:00,motor_issue,713.16,TECH01
LOG00839,SC0149,2024-09-26T17:20:14,software_update,-576.71,TECH16
LOG00840,SC0142,2024-01-30T10:56:49,display_fault,-514.31,TECH02
LOG00841,SC0164,2025-03-10T11:54:19,tire_puncture,688.17,TECH15
LOG00842,SC0194,2024-06-25T18:15:24,brake_repair,363.53,TECH17
LOG00843,SC0132,2025-01-27T15:37:01,motor_issue,272.77,TECH14
LOG00844,SC0114,2024-05-19T07:53:20,general_service,728.14,TECH15
LOG00845,SC0108,2024-07-23T21:29:09,motor_issue,282.96,TECH10
LOG00846,SC0167,2025-04-25T13:21:20,tire_puncture,641.52,TECH20
LOG00847,SC0122,2025-05-01T18:50:50,battery_replacement,286.26,TECH14
LOG00848,SC0080,2024-08-25T18:42:53,throttle_repair,151.08,TECH12
LOG00849,SC0115,2025-04-13T07:28:56,brake_repair,177.67,TECH20
LOG00850,SC0019,2025-05-26T13:33:39,motor_issue,786.31,TECH08
LOG00851,SC0092,2024-03-11T18:14:52,tire_puncture,431.22,TECH12
LOG00852,SC0081,2024-09-19T18:05:40,battery_replacement,373.12,TECH11
LOG00853,SC0004,2024-05-23T22:22:29,display_fault,485.3,TECH17
LOG00854,SC0099,2025-02-09T07:37:24,general_service,680.02,TECH09
LOG00855,SC0162,2024-11-06T18:29:30,throttle_repair,153.31,TECH09
LOG00856,SC0074,2024-05-13T15:54:44,general_service,149.75,TECH12
LOG00857,SC0172,2024-09-07T15:09:39,software_update,267.76,TECH03
LOG00858,SC0009,2024-07-12T13:42:34,general_service,156.71,TECH09
LOG00859,SC0094,2024-05-28T14:16:27,frame_damage,684.19,TECH10
LOG00860,SC0139,2024-07-12T06:40:54,tire_puncture,731.96,TECH18
LOG00861,SC0035,2025-05-21T09:27:44,general_service,194.49,TECH20
LOG00862,SC0109,2024-02-20T07:12:15,software_update,414.29,TECH09
LOG00863,SC0024,2024-09-13T14:53:55,tire_puncture,778.31,TECH02
LOG00864,SC0196,2024-08-16T10:55:36,frame_damage,-729.8,TECH07
LOG00865,SC0055,2024-03-16T09:06:50,frame_damage,696.74,TECH07
LOG00866,SC0190,2025-03-18T17:14:27,display_fault,213.84,TECH01
LOG00867,SC0083,2024-04-01T16:06:48,motor_issue,307.8,TECH18
LOG00868,SC0076,2024-04-24T17:40:46,software_update,239.38,TECH09
LOG00869,SC0143,2024-07-03T18:52:48,tire_puncture,403.27,TECH10
LOG00870,SC0115,2024-02-22T07:29:34,software_update,117.24,TECH04
LOG00871,SC0138,2025-05-09T09:03:08,frame_damage,-562.56,TECH06
LOG00872,SC0175,2024-02-22T10:01:21,display_fault,789.75,TECH09
LOG00873,SC0053,2024-04-02T16:08:52,brake_repair,675.24,TECH06
LOG00874,SC0192,2024-09-06T13:32:34,battery_replacement,281.41,TECH18
LOG00875,SC0176,2025-04-29T17:42:30,brake_repair,530.3,TECH12
LOG00876,SC0170,2024-04-12T08:30:31,throttle_repair,98.03,TECH15
LOG00877,SC0027,2024-03-14T18:35:28,frame_damage,557.92,TECH04
LOG00878,SC0034,2025-12-22T00:00:00,tire_puncture,294.27,TECH14
LOG00879,SC0194,2024-05-03T19:45:22,general_service,634.17,TECH16
LOG00880,SC0117,2025-05-29T09:55:00,software_update,760.08,TECH02
LOG00881,SC0114,2024-08-02T16:55:41,software_update,338.16,TECH15
LOG00882,SC0093,2024-04-12T08:57:29,throttle_repair,759.71,TECH04
LOG00883,SC0048,2024-10-25T17:44:43,motor_issue,323.18,TECH12
LOG00884,SC0092,2024-10-16T10:11:50,frame_damage,61.47,TECH16
LOG00885,SC0115,2024-07-16T11:09:05,frame_damage,131.83,TECH20
LOG00886,SC0088,2024-09-24T19:29:01,motor_issue,569.29,TECH16
LOG00887,SC0004,2024-06-12T07:19:35,battery_replacement,795.88,TECH11
LOG00888,SC0189,2024-07-03T21:55:57,battery_replacement,160.13,TECH15
LOG00889,SC0280,2024-04-12T17:05:42,display_fault,638.4,TECH18
LOG00890,SC0004,2024-11-16T07:41:06,brake_repair,700.33,TECH09
LOG00891,SC0095,2025-03-02T16:17:59,motor_issue,389.31,TECH05
LOG00892,SC0142,2024-05-23T19:38:08,general_service,254.15,TECH11
LOG00893,SC0065,2024-03-10T18:18:17,frame_damage,59.95,TECH07
LOG00894,SC0184,2025-05-26T09:23:11,throttle_repair,470.96,TECH15
LOG00895,SC0025,2024-06-09T11:31:04,brake_repair,533.44,TECH12
LOG00896,SC0184,2025-05-11T18:50:39,frame_damage,524.05,TECH15
LOG00897,SC0118,2024-09-27T14:24:57,general_service,-439.31,TECH12
LOG00898,SC0097,2024-06-05T15:04:05,brake_repair,496.23,TECH07
LOG00899,SC0118,2025-06-08T23:11:46,software_update,-538.37,TECH17
LOG00900,SC0073,2025-03-11T19:15:45,frame_damage,201.69,TECH20
LOG00901,SC0031,2024-07-18T19:05:23,tire_puncture,439.98,TECH11
LOG00902,SC0067,2024-08-14T07:04:20,display_fault,792.8,TECH16
LOG00903,SC0256,2025-06-23T19:28:11,display_fault,443.64,TECH15
LOG00904,SC0196,2024-03-14T16:31:54,software_update,154.5,TECH03
LOG00905,SC0187,2025-02-06T17:48:35,brake_repair,792.31,TECH06
LOG00906,SC0108,2024-06-05T07:30:51,battery_replacement,520.27,TECH17
LOG00907,SC0100,2024-11-15T12:38:38,general_service,440.16,TECH04
LOG00908,SC0180,2024-05-26T16:44:14,battery_replacement,285.11,TECH19
LOG00909,SC0009,2025-05-01T09:53:28,motor_issue,483.38,TECH19
LOG00910,SC0100,2025-06-04T08:57:42,throttle_repair,589.5,TECH08
LOG00911,SC0164,2025-04-25T10:13:13,general_service,615.63,TECH19
LOG00912,SC0150,2024-06-28T19:50:46,software_update,96.96,TECH16
LOG00913,SC0163,2024-11-22T17:37:11,general_service,96.73,TECH11
LOG00914,SC0015,2024-01-09T07:49:24,battery_replacement,131.69,TECH08
LOG00915,SC0118,2025-02-21T14:03:30,brake_repair,538.24,TECH19
LOG00916,SC0139,2025-03-13T06:56:48,throttle_repair,791.56,TECH12
LOG00917,SC0271,2024-11-28T05:29:27,display_fault,287.53,TECH20
LOG00918,SC0173,2025-04-04T16:46:24,general_service,433.24,TECH15
LOG00919,SC0164,2025-04-14T09:15:42,software_update,612.85,TECH03
LOG00920,SC0146,2025-05-10T19:52:59,brake_repair,411.1,TECH19
LOG00921,SC0024,2024-08-08T19:52:25,tire_puncture,417.02,TECH12
LOG00922,SC0037,2024-07-10T19:33:58,software_update,424.11,TECH07
LOG00923,SC0097,2024-12-30T19:05:51,brake_repair,606.72,TECH11
LOG00924,SC0025,2025-02-15T17:06:16,battery_replacement,582.7,TECH10
LOG00925,SC0166,2024-07-12T18:03:00,brake_repair,131.21,TECH12
LOG00926,SC0007,2024-11-12T18:34:04,software_update,138.93,TECH05
LOG00927,SC0288,2024-12-27T11:08:18,motor_issue,761.79,TECH17
LOG00928,SC0200,2024-02-14T14:04:08,motor_issue,363.84,TECH12
LOG00929,SC0084,2024-03-23T13:36:10,motor_issue,231.89,TECH16
LOG00930,SC0047,2025-04-13T18:04:02,display_fault,545.52,TECH03
LOG00931,SC0095,2024-08-07T08:30:33,brake_repair,695.81,TECH10
LOG00932,SC0020,2025-05-08T08:44:34,throttle_repair,522.58,TECH09
LOG00933,SC0283,2025-07-27T00:00:00,battery_replacement,306.58,TECH12
LOG00934,SC0279,2024-04-24T17:58:00,tire_puncture,477.6,TECH01
LOG00935,SC0131,2025-04-07T12:57:40,battery_replacement,521.94,TECH19
LOG00936,SC0254,2025-03-10T19:11:30,frame_damage,616.82,TECH09
LOG00937,SC0019,2025-06-20T07:59:23,general_service,624.86,TECH07
LOG00938,SC0134,2024-09-26T08:51:26,frame_damage,335.0,TECH07
LOG00939,SC0021,2024-09-19T17:41:18,battery_replacement,392.58,TECH10
LOG00940,SC0077,2025-04-09T08:08:27,general_service,261.33,TECH16
LOG00941,SC0109,2025-01-21T11:35:13,display_fault,347.22,TECH03
LOG00942,SC0079,2024-07-01T12:43:21,motor_issue,760.54,TECH17
LOG00943,SC0160,2025-08-08T00:00:00,battery_replacement,329.37,TECH09
LOG00944,SC0125,2024-11-14T12:02:16,motor_issue,515.19,TECH13
LOG00945,SC0100,2024-07-19T17:32:09,tire_puncture,555.17,TECH12
LOG00946,SC0193,2024-12-03T18:05:16,software_update,201.81,TECH06
LOG00947,SC0082,2024-02-05T19:39:56,tire_puncture,407.23,TECH11
LOG00948,SC0038,2025-04-20T08:01:02,throttle_repair,743.19,TECH03
LOG00949,SC0015,2024-04-18T07:33:04,battery_replacement,617.36,TECH11
LOG00950,SC0099,2024-10-11T12:22:29,throttle_repair,292.63,TECH16
LOG00951,SC0146,2024-11-19T06:58:34,general_service,301.72,TECH16
LOG00952,SC0100,2025-05-21T18:13:45,display_fault,314.44,TECH02
LOG00953,SC0125,2025-01-21T19:23:18,throttle_repair,198.15,TECH08
LOG00954,SC0041,2025-01-03T14:15:43,tire_puncture,742.15,TECH13
LOG00955,SC0148,2024-04-08T18:24:54,software_update,235.74,TECH08
LOG00956,SC0095,2025-10-12T00:00:00,tire_puncture,652.73,TECH01
LOG00957,SC0151,2025-04-09T13:35:41,software_update,112.18,TECH03
LOG00958,SC0195,2024-07-08T17:37:06,battery_replacement,-654.48,TECH09
LOG00959,SC0026,2024-02-19T20:03:22,frame_damage,206.08,TECH13
LOG00960,SC0114,2024-10-07T07:57:53,tire_puncture,310.74,TECH19
LOG00961,SC0117,2025-02-12T14:10:06,brake_repair,129.44,TECH08
LOG00962,SC0190,2024-05-27T18:52:26,brake_repair,-590.84,TECH19
LOG00963,SC0037,2025-06-06T19:19:10,frame_damage,419.46,TECH07
LOG00964,SC0087,2024-10-14T08:19:20,brake_repair,359.75,TECH10
LOG00965,SC0037,2025-02-04T20:22:44,display_fault,757.18,TECH10
LOG00966,SC0168,2024-12-16T16:06:36,software_update,602.19,TECH01
LOG00967,SC0104,2024-02-29T18:21:36,battery_replacement,383.68,TECH14
LOG00968,SC0002,2024-11-22T16:05:35,tire_puncture,112.15,TECH16
LOG00969,SC0019,2024-10-27T22:57:14,display_fault,527.64,TECH05
LOG00970,SC0110,2025-03-01T19:26:53,motor_issue,755.78,TECH19
LOG00971,SC0175,2024-12-16T14:09:21,display_fault,199.57,TECH01
LOG00972,SC0031,2024-10-16T14:09:39,frame_damage,162.28,TECH03
LOG00973,SC0060,2025-05-05T16:32:25,brake_repair,281.41,TECH05
LOG00974,SC0145,2025-04-01T17:38:45,frame_damage,587.1,TECH07
LOG00975,SC0028,2024-04-26T21:28:32,display_fault,259.73,TECH13
LOG00976,SC0165,2025-01-10T08:53:13,motor_issue,310.53,TECH05
LOG00977,SC0066,2025-04-09T18:18:02,software_update,520.97,TECH13
LOG00978,SC0068,2025-05-04T07:07:28,tire_puncture,640.71,TECH11
LOG00979,SC0166,2024-04-20T15:54:39,general_service,386.39,TECH20
LOG00980,SC0152,2025-02-03T23:15:05,tire_puncture,191.86,TECH04
LOG00981,SC0122,2024-11-27T17:50:38,battery_replacement,166.88,TECH03
LOG00982,SC0052,2024-08-01T17:11:57,frame_damage,200.5,TECH16
LOG00983,SC0066,2024-12-07T13:41:59,frame_damage,500.31,TECH02
LOG00984,SC0144,2024-03-08T22:28:15,frame_damage,400.12,TECH09
LOG00985,SC0018,2025-03-06T12:37:23,tire_puncture,347.76,TECH20
LOG00986,SC0147,2025-11-29T00:00:00,brake_repair,694.46,TECH04
LOG00987,SC0034,2024-07-05T16:39:33,brake_repair,118.57,TECH19
LOG00988,SC0075,2025-04-18T12:01:18,brake_repair,546.01,TECH16
LOG00989,SC0069,2025-03-08T15:11:16,frame_damage,604.4,TECH16
LOG00990,SC0144,2024-12-20T17:33:14,throttle_repair,223.73,TECH08
LOG00991,SC0069,2024-04-01T18:19:36,display_fault,51.93,TECH16
LOG00992,SC0138,2024-11-10T13:30:49,general_service,250.51,TECH01
LOG00993,SC0066,2024-04-09T07:13:44,software_update,-165.45,TECH05
LOG00994,SC0113,2025-05-22T19:07:12,brake_repair,506.28,TECH13
LOG00995,SC0058,2024-03-28T06:57:18,general_service,624.63,TECH16
LOG00996,SC0032,2024-06-16T17:21:35,tire_puncture,608.46,TECH05
LOG00997,SC0173,2024-09-25T00:21:57,frame_damage,334.51,TECH09
LOG00998,SC0060,2024-05-31T08:47:58,frame_damage,287.22,TECH13
LOG00999,SC0074,2024-05-05T22:06:36,general_service,293.38,TECH20
LOG01000,SC0126,2025-03-05T08:30:31,general_service,615.11,TECH06
LOG01001,SC0146,2024-08-19T23:49:48,frame_damage,-761.09,TECH11
LOG01002,SC0192,2025-05-18T11:36:05,tire_puncture,495.15,TECH19
LOG01003,SC0068,2025-06-06T19:29:37,display_fault,424.72,TECH12
LOG01004,SC0006,2025-01-22T20:19:06,display_fault,673.98,TECH19
LOG01005,SC0043,2024-02-14T19:14:47,tire_puncture,315.8,TECH11
LOG01006,SC0110,2024-06-25T12:35:34,display_fault,291.95,TECH20
LOG01007,SC0131,2024-11-19T12:17:41,display_fault,112.64,TECH04
LOG01008,SC0020,2024-05-06T20:15:38,tire_puncture,510.34,TECH20
LOG01009,SC0082,2025-03-19T09:13:47,brake_repair,551.79,TECH09
LOG01010,SC0182,2024-01-22T18:16:32,general_service,347.43,TECH17
LOG01011,SC0190,2024-03-01T02:10:55,general_service,502.68,TECH06
LOG01012,SC0126,2025-03-18T23:58:17,software_update,599.75,TECH20
LOG01013,SC0152,2025-02-03T11:46:26,battery_replacement,84.67,TECH09
LOG01014,SC0090,2024-01-26T19:30:39,tire_puncture,546.34,TECH11
LOG01015,SC0017,2025-03-25T09:28:29,tire_puncture,570.25,TECH19
LOG01016,SC0020,2024-04-01T07:49:36,software_update,662.35,TECH11
LOG01017,SC0163,2024-06-25T05:18:37,software_update,799.92,TECH02
LOG01018,SC0131,2024-05-14T08:26:20,display_fault,554.11,TECH03
LOG01019,SC0046,2024-12-25T11:03:39,display_fault,301.0,TECH04
LOG01020,SC0134,2024-08-02T09:14:40,general_service,780.6,TECH19
LOG01021,SC0033,2024-04-04T01:37:19,display_fault,58.55,TECH18
LOG01022,SC0160,2024-02-24T18:42:22,battery_replacement,608.46,TECH20
LOG01023,SC0050,2024-03-08T22:01:59,throttle_repair,735.83,TECH15
LOG01024,SC0107,2024-05-19T12:46:57,display_fault,123.15,TECH17
LOG01025,SC0017,2024-01-13T08:09:38,tire_puncture,325.6,TECH16
LOG01026,SC0132,2024-04-10T09:38:09,brake_repair,744.08,TECH16
LOG01027,SC0106,2024-11-30T08:39:11,motor_issue,398.14,TECH04
LOG01028,SC0290,2024-02-08T18:44:18,general_service,508.26,TECH01
LOG01029,SC0081,2024-07-25T17:06:30,brake_repair,118.34,TECH11
LOG01030,SC0030,2025-02-06T11:05:43,frame_damage,741.2,TECH16
LOG01031,SC0174,2024-08-08T06:54:05,battery_replacement,225.03,TECH14
LOG01032,SC0080,2025-09-09T00:00:00,general_service,227.47,TECH04
LOG01033,SC0132,2024-02-24T13:41:06,display_fault,70.68,TECH20
LOG01034,SC0004,2025-11-27T00:00:00,frame_damage,-793.57,TECH14
LOG01035,SC0278,2025-05-19T14:51:16,frame_damage,131.88,TECH04
LOG01036,SC0160,2024-01-30T04:17:02,throttle_repair,123.16,TECH17
LOG01037,SC0153,2025-02-27T11:20:03,general_service,357.58,TECH19
LOG01038,SC0193,2024-12-08T13:38:56,battery_replacement,421.58,TECH13
LOG01039,SC0096,2025-03-22T18:30:12,display_fault,255.99,TECH04
LOG01040,SC0061,2024-07-20T07:45:14,throttle_repair,797.86,TECH03
LOG01041,SC0111,2024-02-14T18:05:20,throttle_repair,319.66,TECH10
LOG01042,SC0131,2024-03-25T09:39:52,throttle_repair,783.43,TECH19
LOG01043,SC0047,2025-01-17T08:36:03,frame_damage,457.8,TECH13
LOG01044,SC0008,2024-05-06T15:27:00,display_fault,293.79,TECH12
LOG01045,SC0102,2025-06-30T11:55:37,throttle_repair,397.79,TECH19
LOG01046,SC0069,2024-07-01T12:32:09,display_fault,246.99,TECH07
LOG01047,SC0054,2024-02-10T20:00:36,frame_damage,369.85,TECH08
LOG01048,SC0053,2025-03-26T10:18:34,battery_replacement,-485.61,TECH20
LOG01049,SC0162,2025-09-16T00:00:00,brake_repair,497.43,TECH05
LOG01050,SC0013,2024-05-05T12:53:51,battery_replacement,550.32,TECH16
LOG01051,SC0112,2025-06-03T07:33:02,tire_puncture,369.68,TECH01
LOG01052,SC0050,2025-03-20T07:17:39,display_fault,740.36,TECH02
LOG01053,SC0141,2024-12-20T04:56:29,software_update,459.08,TECH06
LOG01054,SC0010,2024-04-07T08:23:40,general_service,300.46,TECH05
LOG01055,SC0176,2025-05-26T11:12:42,motor_issue,162.93,TECH06
LOG01056,SC0125,2025-05-14T05:37:33,software_update,242.12,TECH20
LOG01057,SC0138,2024-02-14T12:53:25,software_update,145.09,TECH13
LOG01058,SC0148,2024-11-26T14:31:18,tire_puncture,576.76,TECH09
LOG01059,SC0067,2025-01-26T09:47:46,tire_puncture,417.63,TECH13
LOG01060,SC0067,2024-03-06T08:03:04,software_update,280.31,TECH14
LOG01061,SC0197,2024-11-07T09:15:49,display_fault,480.96,TECH09
LOG01062,SC0163,2024-08-20T08:41:05,software_update,493.41,TECH01
LOG01063,SC0089,2024-03-26T22:58:04,throttle_repair,123.63,TECH04
LOG01064,SC0118,2024-04-09T12:29:08,software_update,84.65,TECH05
LOG01065,SC0043,2024-04-04T11:54:30,tire_puncture,277.25,TECH18
LOG01066,SC0134,2024-04-16T09:20:24,display_fault,653.15,TECH05
LOG01067,SC0200,2024-07-05T11:38:29,brake_repair,691.57,TECH01
LOG01068,SC0115,2024-06-30T16:48:32,tire_puncture,538.41,TECH02
LOG01069,SC0155,2025-04-11T07:32:58,motor_issue,72.8,TECH02
LOG01070,SC0045,2024-06-04T05:58:05,display_fault,143.37,TECH16
LOG01071,SC0158,2024-06-30T08:48:50,general_service,543.7,TECH20
LOG01072,SC0140,2024-09-15T05:36:05,battery_replacement,319.83,TECH17
LOG01073,SC0086,2024-01-30T18:05:41,throttle_repair,80.52,TECH06
LOG01074,SC0078,2024-05-29T14:35:07,throttle_repair,474.8,TECH12
LOG01075,SC0073,2024-08-20T19:44:39,tire_puncture,480.77,TECH16
LOG01076,SC0151,2024-05-20T10:36:16,tire_puncture,508.82,TECH08
LOG01077,SC0084,2025-04-22T07:47:10,display_fault,271.29,TECH05
LOG01078,SC0164,2025-03-06T13:56:31,throttle_repair,799.48,TECH06
LOG01079,SC0021,2025-03-25T16:36:48,motor_issue,754.04,TECH16
LOG01080,SC0058,2025-06-05T11:22:32,tire_puncture,279.31,TECH07
LOG01081,SC0080,2024-05-20T15:38:06,display_fault,739.22,TECH10
LOG01082,SC0268,2025-05-25T07:08:11,motor_issue,594.82,TECH01
LOG01083,SC0082,2024-04-11T07:03:48,software_update,606.74,TECH18
LOG01084,SC0069,2024-03-14T13:09:55,tire_puncture,262.98,TECH08
LOG01085,SC0081,2024-10-13T20:53:58,motor_issue,720.12,TECH04
LOG01086,SC0148,2025-02-25T17:34:05,throttle_repair,346.6,TECH06
LOG01087,SC0159,2024-10-19T02:29:48,brake_repair,683.04,TECH13
LOG01088,SC0114,2024-01-14T18:18:08,motor_issue,588.12,TECH20
LOG01089,SC0107,2025-02-11T13:54:22,throttle_repair,508.64,TECH18
LOG01090,SC0177,2024-04-08T08:34:29,battery_replacement,302.11,TECH06
LOG01091,SC0113,2024-07-07T08:19:28,software_update,61.78,TECH09
LOG01092,SC0029,2025-03-05T13:34:21,software_update,51.41,TECH09
LOG01093,SC0032,2025-03-18T19:35:23,frame_damage,162.47,TECH01
LOG01094,SC0053,2025-07-14T00:00:00,tire_puncture,402.78,TECH20
LOG01095,SC0068,2025-10-10T00:00:00,tire_puncture,131.27,TECH09
LOG01096,SC0193,2025-02-26T07:34:59,tire_puncture,657.46,TECH06
LOG01097,SC0109,2025-04-10T11:18:45,throttle_repair,734.19,TECH05
LOG01098,SC0088,2024-10-29T15:12:47,throttle_repair,158.29,TECH06
LOG01099,SC0174,2024-09-09T10:12:59,tire_puncture,710.02,TECH04
LOG01100,SC0108,2025-03-15T06:55:28,software_update,138.7,TECH15
LOG01101,SC0011,2024-08-07T20:14:59,brake_repair,-68.5,TECH04
LOG01102,SC0084,2024-01-26T07:28:17,frame_damage,795.13,TECH02
LOG01103,SC0170,2024-11-09T17:24:27,battery_replacement,579.13,TECH03
LOG01104,SC0006,2024-04-30T12:17:05,general_service,80.38,TECH12
LOG01105,SC0013,2024-08-25T14:51:21,brake_repair,439.63,TECH20
LOG01106,SC0080,2025-03-03T17:24:28,tire_puncture,410.98,TECH02
LOG01107,SC0198,2025-06-14T05:24:05,frame_damage,285.43,TECH04
LOG01108,SC0122,2024-12-20T08:00:17,motor_issue,273.22,TECH18
LOG01109,SC0128,2024-01-25T17:53:44,battery_replacement,663.53,TECH18
LOG01110,SC0164,2024-12-09T06:03:12,battery_replacement,195.51,TECH10
LOG01111,SC0180,2024-09-21T08:50:54,frame_damage,620.39,TECH06
LOG01112,SC0108,2024-12-01T13:22:13,battery_replacement,648.43,TECH17
LOG01113,SC0101,2024-09-12T09:10:55,brake_repair,471.38,TECH17
LOG01114,SC0116,2025-03-21T07:17:02,motor_issue,469.81,TECH13
LOG01115,SC0087,2024-06-11T17:56:55,display_fault,142.35,TECH03
LOG01116,SC0032,2024-10-31T18:59:55,battery_replacement,544.92,TECH02
LOG01117,SC0016,2025-05-05T06:50:06,tire_puncture,250.47,TECH09
LOG01118,SC0198,2024-03-18T08:12:13,motor_issue,729.2,TECH10
LOG01119,SC0012,2025-05-06T18:12:51,tire_puncture,751.83,TECH17
LOG01120,SC0042,2025-03-03T06:00:37,frame_damage,759.11,TECH20
LOG01121,SC0007,2024-05-20T13:15:16,display_fault,466.56,TECH01
LOG01122,SC0084,2025-04-23T18:46:47,display_fault,69.19,TECH13
LOG01123,SC0077,2024-03-22T00:37:51,general_service,605.43,TECH13
LOG01124,SC0175,2024-02-11T07:17:22,brake_repair,151.52,TECH06
LOG01125,SC0059,2025-02-07T08:35:35,brake_repair,756.59,TECH06
LOG01126,SC0097,2024-03-03T09:23:51,battery_replacement,505.42,TECH17
LOG01127,SC0142,2025-04-01T09:53:35,general_service,727.8,TECH09
LOG01128,SC0123,2025-06-19T19:33:03,frame_damage,663.78,TECH14
LOG01129,SC0059,2024-11-18T23:25:38,throttle_repair,-624.14,TECH06
LOG01130,SC0086,2024-08-08T08:23:36,battery_replacement,512.59,TECH13
LOG01131,SC0194,2024-07-24T07:56:00,brake_repair,68.24,TECH05
LOG01132,SC0097,2025-05-29T10:49:31,general_service,313.62,TECH08
LOG01133,SC0006,2024-07-17T21:18:48,brake_repair,581.46,TECH09
LOG01134,SC0101,2024-04-17T21:15:18,frame_damage,278.55,TECH03
LOG01135,SC0065,2024-09-23T13:31:25,motor_issue,592.45,TECH03
LOG01136,SC0179,2024-01-13T11:00:21,frame_damage,76.94,TECH20
LOG01137,SC0063,2024-07-08T19:56:21,frame_damage,389.95,TECH12
LOG01138,SC0145,2024-10-28T00:50:19,display_fault,536.53,TECH16
LOG01139,SC0168,2025-06-13T15:58:14,brake_repair,87.54,TECH20
LOG01140,SC0021,2024-04-10T19:16:43,frame_damage,224.95,TECH05
LOG01141,SC0134,2025-06-24T09:57:14,general_service,70.64,TECH08
LOG01142,SC0058,2024-10-17T09:13:47,motor_issue,737.03,TECH10
LOG01143,SC0041,2025-06-02T17:43:01,software_update,-137.96,TECH08
LOG01144,SC0116,2025-03-27T08:52:07,brake_repair,388.55,TECH10
LOG01145,SC0147,2024-02-05T06:19:26,tire_puncture,124.05,TECH13
LOG01146,SC0142,2025-02-14T17:44:54,tire_puncture,244.1,TECH13
LOG01147,SC0171,2024-12-18T19:16:18,tire_puncture,-732.5,TECH17
LOG01148,SC0091,2024-02-22T09:44:41,tire_puncture,398.79,TECH08
LOG01149,SC0148,2025-01-28T18:52:19,brake_repair,567.85,TECH20
LOG01150,SC0139,2024-11-02T16:02:38,frame_damage,539.93,TECH05
LOG01151,SC0088,2025-04-01T17:54:20,motor_issue,779.78,TECH10
LOG01152,SC0071,2024-05-27T11:40:02,battery_replacement,621.64,TECH05
LOG01153,SC0251,2025-06-22T07:23:13,software_update,252.73,TECH09
LOG01154,SC0073,2025-05-31T09:03:55,general_service,674.77,TECH17
LOG01155,SC0120,2024-05-06T20:45:40,throttle_repair,642.31,TECH09
LOG01156,SC0278,2025-05-02T17:10:56,software_update,753.67,TECH03
LOG01157,SC0042,2024-07-13T10:57:00,tire_puncture,353.69,TECH11
LOG01158,SC0101,2024-10-22T17:38:45,battery_replacement,-617.8,TECH09
LOG01159,SC0127,2024-03-05T22:44:24,frame_damage,662.94,TECH15
LOG01160,SC0122,2024-09-16T17:52:28,software_update,739.46,TECH20
LOG01161,SC0130,2025-04-08T12:12:14,general_service,227.86,TECH19
LOG01162,SC0156,2024-10-28T17:24:23,brake_repair,487.91,TECH03
LOG01163,SC0077,2024-01-24T19:19:06,general_service,626.34,TECH16
LOG01164,SC0137,2025-06-13T07:35:18,throttle_repair,696.19,TECH11
LOG01165,SC0196,2024-04-11T07:05:50,battery_replacement,201.69,TECH18
LOG01166,SC0115,2024-09-10T01:36:17,frame_damage,369.75,TECH06
LOG01167,SC0259,2025-11-14T00:00:00,brake_repair,661.92,TECH11
LOG01168,SC0001,2024-10-28T00:29:45,brake_repair,619.27,TECH05
LOG01169,SC0118,2024-03-29T12:20:04,display_fault,361.51,TECH02
LOG01170,SC0105,2024-12-24T10:56:23,software_update,314.45,TECH16
LOG01171,SC0064,2025-02-01T14:04:32,display_fault,632.43,TECH15
LOG01172,SC0010,2024-01-28T09:37:16,throttle_repair,666.96,TECH19
LOG01173,SC0193,2025-03-27T09:34:33,display_fault,732.49,TECH01
LOG01174,SC0129,2024-05-07T14:30:41,battery_replacement,340.62,TECH15
LOG01175,SC0129,2025-05-20T18:41:42,frame_damage,52.18,TECH18
LOG01176,SC0119,2024-04-03T07:00:39,display_fault,547.7,TECH12
LOG01177,SC0175,2024-03-10T19:54:25,software_update,508.11,TECH13
LOG01178,SC0170,2024-05-02T08:38:03,throttle_repair,759.27,TECH02
LOG01179,SC0072,2025-02-05T22:43:33,frame_damage,170.44,TECH02
LOG01180,SC0159,2025-02-08T18:25:29,motor_issue,167.0,TECH16
LOG01181,SC0192,2024-10-08T19:08:30,brake_repair,156.36,TECH12
LOG01182,SC0131,2024-01-04T17:12:41,general_service,359.45,TECH17
LOG01183,SC0173,2025-02-22T14:20:28,motor_issue,585.88,TECH12
LOG01184,SC0009,2024-06-23T05:01:01,throttle_repair,545.99,TECH09
LOG01185,SC0199,2024-12-05T08:24:12,display_fault,318.82,TECH08
LOG01186,SC0104,2024-10-29T20:17:33,display_fault,780.24,TECH08
LOG01187,SC0021,2025-04-10T18:44:45,software_update,658.83,TECH16
LOG01188,SC0014,2024-06-25T17:36:42,display_fault,467.21,TECH07
LOG01189,SC0093,2024-12-31T16:56:43,throttle_repair,516.01,TECH15
LOG01190,SC0088,2024-03-13T09:59:45,general_service,628.68,TECH02
LOG01191,SC0003,2025-04-03T13:04:38,motor_issue,636.09,TECH07
LOG01192,SC0017,2024-08-31T14:18:59,motor_issue,463.89,TECH17
LOG01193,SC0144,2024-11-22T12:34:21,software_update,600.01,TECH08
LOG01194,SC0069,2024-10-26T06:54:27,display_fault,775.08,TECH05
LOG01195,SC0119,2025-05-15T08:48:34,tire_puncture,99.82,TECH01
LOG01196,SC0128,2025-01-06T08:08:18,brake_repair,697.66,TECH08
LOG01197,SC0137,2024-08-05T14:49:21,brake_repair,144.82,TECH08
LOG01198,SC0200,2024-12-06T17:56:55,battery_replacement,292.85,TECH11
LOG01199,SC0270,2025-05-09T19:19:45,general_service,91.13,TECH06
LOG01200,SC0133,2024-09-07T09:07:18,battery_replacement,773.68,TECH05
LOG01201,SC0068,2025-05-09T18:57:13,frame_damage,364.77,TECH20
LOG01202,SC0033,2025-03-17T08:15:57,general_service,69.98,TECH15
LOG01203,SC0107,2025-04-01T16:59:58,battery_replacement,168.43,TECH03
LOG01204,SC0121,2025-04-28T19:17:14,brake_repair,750.29,TECH06
LOG01205,SC0041,2024-11-22T10:32:48,general_service,65.35,TECH06
LOG01206,SC0021,2024-10-17T16:17:07,general_service,190.76,TECH08
LOG01207,SC0035,2024-04-22T18:50:20,motor_issue,234.51,TECH07
LOG01208,SC0149,2025-05-13T11:11:21,brake_repair,781.28,TECH17
LOG01209,SC0257,2024-03-03T09:48:38,software_update,585.23,TECH17
LOG01210,SC0174,2024-07-28T11:00:10,display_fault,695.78,TECH17
LOG01211,SC0023,2024-03-07T13:44:51,display_fault,346.1,TECH07
LOG01212,SC0097,2024-08-03T18:28:19,display_fault,71.83,TECH06
LOG01213,SC0128,2024-07-01T18:26:04,display_fault,124.0,TECH15
LOG01214,SC0157,2024-01-30T17:16:28,motor_issue,485.56,TECH11
LOG01215,SC0178,2024-10-09T14:11:40,software_update,511.49,TECH07
LOG01216,SC0071,2024-10-25T08:23:00,frame_damage,361.65,TECH17
LOG01217,SC0144,2024-02-24T08:09:27,software_update,317.76,TECH16
LOG01218,SC0104,2024-01-10T23:46:59,general_service,374.32,TECH15
LOG01219,SC0051,2024-07-22T08:06:45,display_fault,217.12,TECH03
LOG01220,SC0069,2025-06-23T07:27:32,throttle_repair,350.83,TECH12
LOG01221,SC0158,2025-05-09T06:38:24,display_fault,99.58,TECH12
LOG01222,SC0266,2024-06-11T10:33:33,battery_replacement,512.16,TECH13
LOG01223,SC0039,2024-06-01T12:13:25,general_service,113.34,TECH10
LOG01224,SC0109,2024-05-30T22:48:34,frame_damage,443.82,TECH15
LOG01225,SC0198,2024-08-25T17:09:47,software_update,578.55,TECH14
LOG01226,SC0123,2024-03-26T19:01:46,battery_replacement,621.5,TECH18
LOG01227,SC0053,2025-06-22T08:20:28,throttle_repair,547.27,TECH02
LOG01228,SC0049,2025-05-14T19:18:01,motor_issue,481.38,TECH18
LOG01229,SC0002,2024-03-28T06:02:31,general_service,728.08,TECH03
LOG01230,SC0006,2024-02-27T07:55:59,motor_issue,689.07,TECH09
LOG01231,SC0287,2024-04-29T13:20:39,general_service,702.28,TECH12
LOG01232,SC0072,2025-06-21T18:16:30,general_service,764.9,TECH09
LOG01233,SC0052,2024-10-08T18:10:59,brake_repair,87.44,TECH09
LOG01234,SC0035,2024-04-15T18:13:27,brake_repair,259.9,TECH12
LOG01235,SC0170,2024-06-26T07:20:57,battery_replacement,639.63,TECH17
LOG01236,SC0118,2025-06-11T06:18:14,display_fault,-596.34,TECH16
LOG01237,SC0172,2025-06-02T07:57:32,software_update,251.93,TECH11
LOG01238,SC0178,2024-04-23T18:04:20,general_service,485.58,TECH17
LOG01239,SC0071,2024-08-30T19:24:11,motor_issue,642.02,TECH10
LOG01240,SC0260,2024-09-03T08:21:00,brake_repair,610.74,TECH16
LOG01241,SC0142,2025-03-31T08:51:06,brake_repair,255.78,TECH12
LOG01242,SC0138,2024-07-31T07:36:59,display_fault,335.27,TECH06
LOG01243,SC0154,2024-06-10T19:14:12,software_update,568.24,TECH15
LOG01244,SC0176,2025-02-10T19:15:51,tire_puncture,358.49,TECH13
LOG01245,SC0086,2024-06-22T08:03:00,motor_issue,458.14,TECH03
LOG01246,SC0034,2025-04-24T13:05:49,general_service,622.48,TECH08
LOG01247,SC0039,2025-04-23T13:48:18,throttle_repair,579.86,TECH12
LOG01248,SC0274,2024-01-16T18:40:43,battery_replacement,598.26,TECH13
LOG01249,SC0167,2024-02-04T11:09:26,throttle_repair,787.79,TECH13
LOG01250,SC0064,2025-10-20T00:00:00,general_service,275.39,TECH17
LOG01251,SC0039,2024-06-21T08:14:16,software_update,431.9,TECH18
LOG01252,SC0028,2024-12-26T07:25:30,throttle_repair,394.28,TECH04
LOG01253,SC0050,2024-11-30T08:10:05,general_service,173.41,TECH03
LOG01254,SC0139,2025-01-13T06:27:43,frame_damage,566.71,TECH09
LOG01255,SC0115,2024-05-09T11:32:23,frame_damage,133.25,TECH10
LOG01256,SC0172,2024-05-02T16:52:50,battery_replacement,135.28,TECH09
LOG01257,SC0128,2024-07-22T17:03:57,motor_issue,295.84,TECH08
LOG01258,SC0078,2024-03-15T06:02:55,software_update,451.05,TECH03
LOG01259,SC0085,2024-10-29T17:04:56,tire_puncture,614.88,TECH11
LOG01260,SC0015,2025-01-28T07:10:15,brake_repair,426.63,TECH12
LOG01261,SC0045,2025-02-25T18:39:54,general_service,635.93,TECH11
LOG01262,SC0140,2024-04-04T22:22:48,tire_puncture,70.84,TECH02
LOG01263,SC0019,2025-03-06T08:27:45,display_fault,504.7,TECH15
LOG01264,SC0162,2024-09-19T10:48:24,brake_repair,135.73,TECH07
LOG01265,SC0078,2025-02-18T08:08:36,display_fault,187.21,TECH19
LOG01266,SC0019,2025-03-18T07:40:32,battery_replacement,778.28,TECH06
LOG01267,SC0141,2025-05-25T08:20:09,display_fault,587.27,TECH14
LOG01268,SC0112,2024-09-23T21:47:40,battery_replacement,565.61,TECH08
LOG01269,SC0171,2024-08-25T14:27:42,battery_replacement,527.79,TECH15
LOG01270,SC0162,2025-05-10T11:49:21,motor_issue,-455.52,TECH08
LOG01271,SC0103,2024-10-08T17:27:40,brake_repair,522.54,TECH11
LOG01272,SC0064,2024-12-08T09:32:43,brake_repair,426.3,TECH15
LOG01273,SC0045,2024-06-25T10:30:44,software_update,719.18,TECH10
LOG01274,SC0120,2024-06-26T14:38:40,battery_replacement,353.33,TECH16
LOG01275,SC0147,2024-08-27T11:11:21,general_service,59.16,TECH13
LOG01276,SC0166,2025-04-02T16:48:39,battery_replacement,425.86,TECH08
LOG01277,SC0129,2024-05-09T12:58:27,brake_repair,252.7,TECH12
LOG01278,SC0279,2024-06-03T08:45:39,brake_repair,705.52,TECH01
LOG01279,SC0140,2025-06-18T08:56:56,display_fault,302.84,TECH16
LOG01280,SC0143,2024-09-20T19:47:37,frame_damage,483.87,TECH18
LOG01281,SC0131,2025-04-09T19:27:55,software_update,329.63,TECH14
LOG01282,SC0056,2025-05-19T07:52:13,battery_replacement,786.28,TECH06
LOG01283,SC0123,2025-11-27T00:00:00,throttle_repair,738.45,TECH10
LOG01284,SC0092,2024-04-21T07:25:32,general_service,495.24,TECH07
LOG01285,SC0251,2025-04-09T08:09:38,display_fault,258.22,TECH20
LOG01286,SC0181,2024-10-08T19:46:24,throttle_repair,310.89,TECH08
LOG01287,SC0005,2024-03-26T17:47:30,battery_replacement,385.96,TECH15
LOG01288,SC0160,2024-10-02T19:10:57,tire_puncture,663.68,TECH19
LOG01289,SC0197,2024-11-18T06:44:39,motor_issue,-756.96,TECH18
LOG01290,SC0069,2024-03-11T17:18:47,motor_issue,736.56,TECH15
LOG01291,SC0035,2025-05-06T13:17:15,throttle_repair,82.63,TECH10
LOG01292,SC0197,2024-07-26T19:21:45,display_fault,669.94,TECH07
LOG01293,SC0102,2024-11-11T16:21:38,display_fault,377.59,TECH10
LOG01294,SC0168,2024-01-12T00:47:02,general_service,716.67,TECH11
LOG01295,SC0109,2025-02-25T08:35:29,frame_damage,418.01,TECH10
LOG01296,SC0036,2024-06-03T18:50:34,display_fault,757.4,TECH18
LOG01297,SC0022,2024-11-17T14:29:28,throttle_repair,234.66,TECH04
LOG01298,SC0033,2024-05-22T18:33:14,display_fault,752.18,TECH09
LOG01299,SC0281,2024-09-17T18:44:58,motor_issue,269.02,TECH02
LOG01300,SC0013,2025-03-22T07:55:07,motor_issue,349.9,TECH05
LOG01301,SC0128,2025-05-26T13:46:14,general_service,-339.7,TECH16
LOG01302,SC0177,2024-04-05T22:51:58,throttle_repair,654.01,TECH15
LOG01303,SC0154,2025-01-29T19:46:01,throttle_repair,349.81,TECH12
LOG01304,SC0094,2025-08-28T00:00:00,display_fault,628.23,TECH19
LOG01305,SC0031,2024-03-29T06:23:53,throttle_repair,255.1,TECH15
LOG01306,SC0039,2025-04-08T10:07:44,brake_repair,531.46,TECH19
LOG01307,SC0163,2024-04-22T17:07:57,display_fault,278.68,TECH11
LOG01308,SC0059,2024-05-12T22:08:09,brake_repair,131.61,TECH15
LOG01309,SC0030,2024-11-07T19:06:58,throttle_repair,163.03,TECH05
LOG01310,SC0288,2024-04-02T12:18:11,display_fault,467.42,TECH17
LOG01311,SC0111,2025-05-18T08:07:14,brake_repair,518.22,TECH03
LOG01312,SC0095,2025-01-24T11:51:29,frame_damage,57.93,TECH03
LOG01313,SC0129,2025-02-10T13:58:53,frame_damage,567.62,TECH19
LOG01314,SC0047,2024-01-31T07:09:39,tire_puncture,470.41,TECH10
LOG01315,SC0178,2024-10-28T11:57:21,battery_replacement,747.25,TECH09
LOG01316,SC0132,2025-01-05T12:48:48,display_fault,714.61,TECH09
LOG01317,SC0198,2025-03-31T15:06:43,software_update,395.74,TECH09
LOG01318,SC0018,2024-01-02T12:02:50,motor_issue,234.09,TECH02
LOG01319,SC0127,2024-11-11T19:58:25,throttle_repair,330.27,TECH07
LOG01320,SC0109,2025-02-26T07:14:40,tire_puncture,761.53,TECH04
LOG01321,SC0257,2025-04-16T18:46:29,software_update,483.29,TECH10
LOG01322,SC0165,2024-05-26T16:15:52,motor_issue,750.1,TECH06
LOG01323,SC0144,2025-12-19T00:00:00,software_update,163.66,TECH05
LOG01324,SC0051,2024-05-30T16:19:52,motor_issue,614.24,TECH15
LOG01325,SC0097,2025-05-15T07:41:45,tire_puncture,409.67,TECH07
LOG01326,SC0187,2024-04-17T18:34:31,frame_damage,614.69,TECH20
LOG01327,SC0196,2024-03-08T13:58:49,display_fault,288.44,TECH08
LOG01328,SC0096,2024-05-06T17:18:27,battery_replacement,211.14,TECH19
LOG01329,SC0043,2024-03-04T11:32:49,frame_damage,796.13,TECH03
LOG01330,SC0004,2024-09-08T08:33:49,general_service,245.97,TECH09
LOG01331,SC0012,2025-06-29T07:58:10,throttle_repair,559.65,TECH06
LOG01332,SC0161,2024-04-25T19:12:58,display_fault,575.47,TECH10
LOG01333,SC0062,2024-12-27T20:06:17,throttle_repair,-436.68,TECH20
LOG01334,SC0263,2024-09-25T19:28:58,display_fault,175.8,TECH18
LOG01335,SC0148,2024-01-02T20:06:18,software_update,714.92,TECH03
LOG01336,SC0132,2025-06-30T16:43:34,battery_replacement,748.41,TECH10
LOG01337,SC0156,2024-09-05T19:34:33,software_update,298.72,TECH07
LOG01338,SC0030,2024-02-25T09:46:08,battery_replacement,495.85,TECH07
LOG01339,SC0058,2024-07-03T08:50:05,motor_issue,616.43,TECH19
LOG01340,SC0093,2025-02-27T08:20:03,software_update,439.03,TECH08
LOG01341,SC0186,2025-04-07T06:08:05,tire_puncture,174.77,TECH19
LOG01342,SC0181,2025-05-20T09:58:40,software_update,166.23,TECH17
LOG01343,SC0143,2024-12-19T11:28:51,display_fault,350.69,TECH03
LOG01344,SC0053,2024-07-17T17:33:01,software_update,189.51,TECH09
LOG01345,SC0052,2024-02-14T08:20:05,tire_puncture,275.92,TECH05
LOG01346,SC0150,2024-05-04T17:08:01,battery_replacement,411.32,TECH16
LOG01347,SC0130,2025-05-05T19:17:26,software_update,153.08,TECH13
LOG01348,SC0062,2024-05-10T14:28:17,tire_puncture,91.23,TECH09
LOG01349,SC0106,2024-05-30T07:52:11,display_fault,247.38,TECH18
LOG01350,SC0129,2024-08-29T15:50:03,tire_puncture,59.96,TECH14
LOG01351,SC0182,2024-03-20T08:18:47,software_update,517.37,TECH03
LOG01352,SC0034,2024-07-17T07:13:26,display_fault,457.32,TECH11
LOG01353,SC0165,2024-04-14T09:15:22,frame_damage,542.61,TECH03
LOG01354,SC0045,2025-01-08T18:17:20,battery_replacement,206.27,TECH10
LOG01355,SC0039,2025-01-19T11:00:36,brake_repair,647.23,TECH06
LOG01356,SC0139,2024-10-07T08:31:14,software_update,154.59,TECH03
LOG01357,SC0032,2025-06-22T19:43:27,display_fault,-645.27,TECH08
LOG01358,SC0182,2024-11-09T09:08:59,frame_damage,741.56,TECH03
LOG01359,SC0044,2024-04-12T07:50:50,brake_repair,227.01,TECH07
LOG01360,SC0266,2024-05-09T18:07:58,frame_damage,589.11,TECH18
LOG01361,SC0113,2024-11-29T08:28:29,brake_repair,98.77,TECH13
LOG01362,SC0010,2024-10-13T14:26:47,software_update,161.47,TECH01
LOG01363,SC0021,2024-02-09T08:25:54,throttle_repair,717.46,TECH02
LOG01364,SC0017,2024-08-20T09:50:11,software_update,429.66,TECH02
LOG01365,SC0169,2024-06-21T15:37:37,general_service,109.4,TECH19
LOG01366,SC0199,2024-05-08T13:07:04,display_fault,101.5,TECH17
LOG01367,SC0069,2025-02-15T18:57:04,brake_repair,276.53,TECH08
LOG01368,SC0058,2024-10-10T20:41:39,general_service,771.05,TECH20
LOG01369,SC0198,2025-02-06T17:33:04,motor_issue,189.95,TECH07
LOG01370,SC0058,2024-08-12T19:02:32,brake_repair,149.91,TECH19
LOG01371,SC0130,2024-04-25T19:42:53,general_service,340.05,TECH03
LOG01372,SC0125,2024-04-13T14:58:24,brake_repair,135.4,TECH03
LOG01373,SC0183,2024-12-24T18:23:35,software_update,732.9,TECH18
LOG01374,SC0092,2024-06-13T00:58:24,throttle_repair,325.29,TECH05
LOG01375,SC0157,2025-04-27T14:07:15,tire_puncture,140.88,TECH20
LOG01376,SC0111,2025-05-23T04:33:05,software_update,734.82,TECH17
LOG01377,SC0151,2024-07-22T21:48:33,frame_damage,106.56,TECH07
LOG01378,SC0087,2025-01-16T13:19:24,motor_issue,361.8,TECH14
LOG01379,SC0181,2024-09-10T21:16:54,motor_issue,279.11,TECH12
LOG01380,SC0093,2024-12-14T17:17:48,frame_damage,74.6,TECH17
LOG01381,SC0079,2024-02-08T07:21:46,brake_repair,668.74,TECH02
LOG01382,SC0015,2024-07-10T18:47:57,software_update,760.21,TECH19
LOG01383,SC0183,2024-04-14T11:18:10,frame_damage,670.76,TECH06
LOG01384,SC0076,2024-05-24T13:40:43,throttle_repair,254.81,TECH01
LOG01385,SC0190,2024-03-30T21:56:27,frame_damage,-440.69,TECH15
LOG01386,SC0195,2024-03-07T11:44:12,frame_damage,-666.45,TECH01
LOG01387,SC0074,2025-02-15T17:55:32,general_service,-559.25,TECH12
LOG01388,SC0117,2025-03-14T15:36:43,frame_damage,366.57,TECH15
LOG01389,SC0185,2024-11-05T16:32:39,tire_puncture,493.35,TECH10
LOG01390,SC0014,2024-03-15T10:51:50,battery_replacement,469.09,TECH06
LOG01391,SC0103,2024-04-19T06:31:25,brake_repair,687.32,TECH07
LOG01392,SC0039,2025-04-11T20:13:31,software_update,300.79,TECH14
LOG01393,SC0260,2024-10-22T19:23:33,throttle_repair,683.07,TECH06
LOG01394,SC0077,2024-12-26T16:46:23,tire_puncture,656.11,TECH01
LOG01395,SC0107,2024-08-28T16:25:12,general_service,525.29,TECH03
LOG01396,SC0106,2024-04-30T09:00:30,battery_replacement,-264.28,TECH11
LOG01397,SC0177,2024-03-22T17:32:51,software_update,154.25,TECH01
LOG01398,SC0176,2024-06-17T05:34:46,throttle_repair,303.23,TECH02
LOG01399,SC0096,2024-02-21T17:48:02,tire_puncture,125.71,TECH05
LOG01400,SC0200,2024-06-26T20:23:59,frame_damage,110.87,TECH12
LOG01401,SC0024,2025-03-25T19:26:01,battery_replacement,746.52,TECH12
LOG01402,SC0100,2024-08-20T09:33:03,display_fault,253.79,TECH03
LOG01403,SC0021,2024-06-13T05:45:18,tire_puncture,696.6,TECH08
LOG01404,SC0291,2024-06-06T12:28:36,brake_repair,102.12,TECH03
LOG01405,SC0179,2024-07-05T08:06:02,display_fault,471.71,TECH17
LOG01406,SC0095,2024-06-24T22:47:15,display_fault,409.1,TECH09
LOG01407,SC0016,2025-08-05T00:00:00,tire_puncture,78.79,TECH14
LOG01408,SC0193,2024-04-28T11:36:54,motor_issue,162.55,TECH05
LOG01409,SC0022,2024-05-08T07:15:43,brake_repair,316.91,TECH07
LOG01410,SC0154,2024-03-14T17:16:05,display_fault,667.5,TECH05
LOG01411,SC0196,2024-06-25T07:49:12,brake_repair,87.58,TECH06
LOG01412,SC0056,2024-03-31T10:43:19,brake_repair,797.12,TECH06
LOG01413,SC0166,2024-09-03T16:35:05,throttle_repair,541.1,TECH02
LOG01414,SC0023,2024-10-10T14:27:44,display_fault,623.99,TECH15
LOG01415,SC0158,2025-04-21T22:47:09,brake_repair,402.5,TECH01
LOG01416,SC0138,2024-03-22T08:59:25,tire_puncture,457.4,TECH12
LOG01417,SC0262,2025-01-17T17:52:39,throttle_repair,634.71,TECH16
LOG01418,SC0171,2024-03-12T12:56:00,general_service,411.04,TECH03
LOG01419,SC0034,2025-07-09T00:00:00,battery_replacement,699.27,TECH02
LOG01420,SC0001,2025-06-24T12:15:13,software_update,-327.13,TECH17
LOG01421,SC0175,2024-05-15T14:16:39,display_fault,502.82,TECH13
LOG01422,SC0029,2025-04-02T18:12:26,motor_issue,729.7,TECH04
LOG01423,SC0074,2024-08-23T16:25:24,display_fault,348.83,TECH14
LOG01424,SC0199,2024-05-24T19:58:43,general_service,755.31,TECH16
LOG01425,SC0103,2024-01-26T18:43:56,frame_damage,264.79,TECH15
LOG01426,SC0129,2024-06-07T17:24:09,throttle_repair,423.13,TECH18
LOG01427,SC0041,2025-05-06T11:19:09,tire_puncture,457.24,TECH18
LOG01428,SC0096,2024-04-03T07:08:36,brake_repair,254.43,TECH09
LOG01429,SC0060,2024-08-19T13:34:22,motor_issue,194.2,TECH09
LOG01430,SC0001,2024-02-11T15:04:01,frame_damage,250.82,TECH19
LOG01431,SC0019,2025-05-03T19:27:12,tire_puncture,674.56,TECH11
LOG01432,SC0021,2024-01-03T08:37:56,tire_puncture,178.45,TECH01
LOG01433,SC0172,2024-09-18T17:24:39,battery_replacement,315.49,TECH01
LOG01434,SC0028,2024-09-16T11:24:31,general_service,185.04,TECH15
LOG01435,SC0146,2024-09-20T06:57:18,battery_replacement,242.09,TECH16
LOG01436,SC0043,2024-10-17T13:44:13,frame_damage,167.2,TECH06
LOG01437,SC0042,2024-01-06T12:56:02,frame_damage,671.07,TECH09
LOG01438,SC0196,2025-06-23T17:54:10,tire_puncture,537.14,TECH20
LOG01439,SC0167,2025-07-17T00:00:00,brake_repair,50.06,TECH08
LOG01440,SC0107,2024-03-04T13:46:14,battery_replacement,528.7,TECH11
LOG01441,SC0188,2024-02-27T08:39:37,frame_damage,243.42,TECH06
LOG01442,SC0199,2024-07-15T21:15:27,general_service,292.37,TECH04
LOG01443,SC0043,2024-11-01T19:44:10,throttle_repair,90.04,TECH18
LOG01444,SC0131,2024-01-22T19:18:30,software_update,728.63,TECH13
LOG01445,SC0138,2024-11-10T18:53:53,brake_repair,607.11,TECH16
LOG01446,SC0190,2025-01-11T19:37:16,software_update,417.2,TECH10
LOG01447,SC0076,2025-05-26T18:50:46,general_service,612.96,TECH16
LOG01448,SC0011,2024-04-11T00:13:25,battery_replacement,239.46,TECH16
LOG01449,SC0123,2024-02-09T07:33:56,brake_repair,91.05,TECH05
LOG01450,SC0087,2024-03-12T19:34:40,software_update,186.04,TECH03
LOG01451,SC0035,2024-10-27T09:09:46,battery_replacement,72.24,TECH05
LOG01452,SC0083,2024-02-01T14:48:23,software_update,118.03,TECH17
LOG01453,SC0197,2024-03-26T18:16:51,software_update,218.19,TECH09
LOG01454,SC0177,2024-04-02T12:15:58,software_update,458.11,TECH16
LOG01455,SC0063,2024-01-24T08:52:50,general_service,602.91,TECH10
LOG01456,SC0109,2024-09-24T07:44:16,tire_puncture,566.34,TECH18
LOG01457,SC0152,2024-09-18T17:03:14,general_service,772.05,TECH05
LOG01458,SC0065,2024-08-31T07:20:11,tire_puncture,144.08,TECH15
LOG01459,SC0158,2025-04-30T08:16:57,battery_replacement,-349.1,TECH10
LOG01460,SC0130,2025-03-01T01:35:05,battery_replacement,681.62,TECH08
LOG01461,SC0158,2025-09-22T00:00:00,frame_damage,660.74,TECH05
LOG01462,SC0099,2024-03-15T18:04:50,battery_replacement,333.08,TECH16
LOG01463,SC0037,2024-08-29T07:01:50,motor_issue,393.27,TECH17
LOG01464,SC0109,2024-10-03T08:15:00,brake_repair,-739.66,TECH17
LOG01465,SC0176,2025-12-05T00:00:00,frame_damage,540.78,TECH19
LOG01466,SC0184,2025-03-27T17:20:53,display_fault,122.51,TECH08
LOG01467,SC0074,2024-09-19T05:04:40,battery_replacement,101.29,TECH18
LOG01468,SC0170,2024-03-08T19:53:15,battery_replacement,135.96,TECH01
LOG01469,SC0027,2025-05-12T08:30:33,display_fault,284.97,TECH10
LOG01470,SC0113,2024-03-20T19:33:38,brake_repair,64.88,TECH20
LOG01471,SC0126,2024-09-10T08:02:47,tire_puncture,136.09,TECH11
LOG01472,SC0158,2024-10-20T07:22:28,motor_issue,759.92,TECH20
LOG01473,SC0007,2024-08-22T19:44:31,display_fault,93.9,TECH05
LOG01474,SC0113,2024-03-11T06:07:10,frame_damage,538.85,TECH05
LOG01475,SC0294,2025-04-07T21:14:44,software_update,771.65,TECH12
LOG01476,SC0160,2024-03-26T08:55:45,display_fault,643.82,TECH14
LOG01477,SC0059,2024-08-27T08:43:12,brake_repair,349.41,TECH09
LOG01478,SC0297,2024-03-14T19:59:52,battery_replacement,434.22,TECH07
LOG01479,SC0140,2025-04-10T13:08:28,display_fault,354.82,TECH18
LOG01480,SC0171,2024-01-24T07:24:31,software_update,238.94,TECH12
LOG01481,SC0127,2024-03-11T22:00:12,throttle_repair,775.38,TECH10
LOG01482,SC0028,2024-02-08T09:07:04,motor_issue,371.53,TECH10
LOG01483,SC0170,2025-03-25T08:11:06,display_fault,184.1,TECH01
LOG01484,SC0078,2024-10-29T08:40:32,throttle_repair,782.04,TECH11
LOG01485,SC0137,2024-03-19T19:08:47,display_fault,735.1,TECH12
LOG01486,SC0139,2024-05-23T18:18:43,motor_issue,734.53,TECH07
LOG01487,SC0270,2024-05-25T19:49:55,software_update,275.36,TECH11
LOG01488,SC0115,2025-06-11T12:45:13,throttle_repair,273.3,TECH15
LOG01489,SC0078,2025-05-01T10:43:46,battery_replacement,762.97,TECH02
LOG01490,SC0295,2024-10-18T08:07:40,general_service,527.74,TECH08
LOG01491,SC0090,2024-07-28T13:22:52,tire_puncture,704.06,TECH10
LOG01492,SC0292,2024-09-30T19:17:30,motor_issue,286.54,TECH13
LOG01493,SC0169,2024-02-29T23:54:29,battery_replacement,799.61,TECH17
LOG01494,SC0131,2024-06-13T17:19:06,display_fault,738.82,TECH18
LOG01495,SC0122,2024-03-21T13:56:03,tire_puncture,339.08,TECH10
LOG01496,SC0117,2024-11-16T08:16:47,tire_puncture,497.73,TECH19
LOG01497,SC0110,2024-09-02T09:18:10,battery_replacement,448.25,TECH20
LOG01498,SC0099,2025-03-13T08:16:17,brake_repair,571.34,TECH01
LOG01499,SC0111,2024-05-19T20:57:25,throttle_repair,499.26,TECH04
LOG01500,SC0173,2025-03-21T12:13:49,throttle_repair,-389.82,TECH18
